/*!40101 SET @OLD_CHARACTER_SET_CLIENT=@@CHARACTER_SET_CLIENT */;
/*!40101 SET @OLD_CHARACTER_SET_RESULTS=@@CHARACTER_SET_RESULTS */;
/*!40101 SET @OLD_COLLATION_CONNECTION=@@COLLATION_CONNECTION */;
/*!40101 SET NAMES utf8mb4 */;
/*!40014 SET @OLD_UNIQUE_CHECKS=@@UNIQUE_CHECKS, UNIQUE_CHECKS=0 */;
/*!40014 SET @OLD_FOREIGN_KEY_CHECKS=@@FOREIGN_KEY_CHECKS, FOREIGN_KEY_CHECKS=0 */;
/*!40101 SET @OLD_SQL_MODE=@@SQL_MODE, SQL_MODE='NO_AUTO_VALUE_ON_ZERO' */;
/*!40111 SET @OLD_SQL_NOTES=@@SQL_NOTES, SQL_NOTES=0 */;

INSERT INTO `agences` (`id`, `name`, `address`, `gps`, `commune_id`) VALUES
(10101, 'Agence de Adrar Yalidine', 'Rue Benhachem Maamar', '27.875695678434518,-0.28488572885492014', 101),
(21101, 'Agence de Chlef Yalidine', 'route national N4 Chlef', '36.1707130,1.3349650', 211),
(21102, 'Agence de Chlef Guepex', 'Cité Cherifi Kadour, 113', '36.16073470034724,1.3307245621473522', 211),
(23401, 'Agence de Ténès Guepex', 'Bt A2 Rdc Local 28, Sortie Ouest Route De Mostaganem', '36.50473150265476,1.286761899576662', 234),
(30102, 'Agence Laghouat Cité OASIS Easyandspeed', 'Cité l\'OASIS, centre ville Laghouat, Laghouat.', '33.811561602108206,2.8597337097525823', 301),
(31901, 'Agence de Aflou Yalidine', 'Hai Zahi Ben Aissa, Route El Bayadh (à coté de la centrale de police)', '34.11114198779646,2.0961174596054004', 319),
(40101, 'Agence de Oum el Bouaghi Yalidine', 'Cité El Moustakbel', '35.871998629133536,7.1077427693234645', 401),
(40301, 'Agence de Aïn M\'lila Yalidine', 'Route Messas (à coté superette Amiche)', '36.04672082846558,6.568678708926481', 403),
(42501, 'Agence SpeedMail Ain Fakroun', 'cité 500 logements local N* 02 ( a coté café AZAGHOUR)', '35.96937336379519,6.857403984654628', 425),
(50101, 'Agence des 500 Logements Yalidine', 'Lotissement Meddour (En Face Lycee 500 Logements)', '35.55062452513792,6.154746735050948', 501),
(50103, 'Agence du CHU Route de Tazoult Guepex', 'Cité frères Lombarkia, ex parc à fourrage', '35.53111052619345,6.19182254228705', 501),
(54201, 'Agence de Barika Guepex', 'Boulevard Azil Abdul Rahman, Rue Les Freres Debache, Route De Batna', '35.3798441310065,5.378196883423196', 542),
(60101, 'Agence de Béjaïa El Qods Guepex', '5 Rue Des Freres Taguelmint El Qods En Face De La Gare Routiere', '36.75306773907594,5.080083740770594', 601),
(60102, 'Agence de Béjaïa Edimco Yalidine', 'Zone Industrielle, Rue Mahfoudi Fateh, EDIMCO, (Derrière le centre commercial Ritadj-Mall)', '36.74500763190776,5.056510728863536', 601),
(62501, 'Agence de Akbou Yalidine', 'Cite 16 Logement Eplf', '36.45941780427994,4.536392157727091', 625),
(64001, 'Agence de El Kseur Guepex	', 'Rue Meziane Hmimi', '36.68152543555525,4.853047853275546', 640),
(70402, 'Agence zone ouest Biskra Easyandspeed', 'coopératif du verger N°22 zone ouest Biskra ', '34.86410253083451,5.715919862126138', 704),
(73201, 'Agence de Tolga Guepex', 'Cité Sidi Rouak rue Soltani Ahmed', '34.73467307145867,5.381802271145784', 732),
(80101, 'Agence de Béchar Yalidine', 'Cite Hai El Badr, Lot N°50, Secteur N°49, Local 01.', '31.605981803220686,-2.232912635019772', 801),
(90101, 'Agence de Blida Yalidine', 'La zone indistruelle Ben Boulaid (devant Family Shop)', '36.49196812851148,2.8424850849082146', 901),
(90102, 'Agence de Bab Dzair Guepex	', '21 centre d\'artisans, rue d\'Alger', '36.472777177490215,2.8313255422774586', 901),
(90701, 'Agence Ouled Yaich Yalidine', 'Rue de la mosquée ', '36.495598820799735,2.8604034367518314', 907),
(91601, 'Agence GUEPEX Mouzaia Blida', 'Quartier du marché groupe 36', '36.466839890514564,2.686858928650103', 916),
(92001, 'Agence de Boufarik Guepex', '64 Rue Si Ben Youcef', '36.57409336434954,2.9140737574757805', 920),
(92101, 'Agence de Larbaa Zimou-Express	', 'Rue El Emir Khaled', '36.5666270734497,3.1543977163459918', 921),
(101601, 'Agence de Bouira Yalidine', 'Lotissement Amar Khoudja B0 (A Gauche Du Nouveau Rond Point D\'Aigle En Allant Vers Le Boulevard)', '36.37042045017322,3.8758492313266446', 1016),
(103101, 'Agence de Lakhdaria Yalidine', 'cité si Lakhdar Derrière l\'Algérienne des Eaux, À côté du laboratoire Boudina.', '36.563972759374806,3.5993137308374', 1031),
(104101, 'Agence de Sour El Ghouzlane Guepex', 'N°03 Cite Sayeh, Section 13', '36.143071573354455,3.6951283180568684', 1041),
(110101, 'Agence de Tamanrasset(Gataa Elouad) Guepex', 'Cité Guet Elouad N 742 743 commune Tamanrasset', '22.78495481213817,5.517133685352839', 1101),
(110102, 'Agence Tamanrasset(TAHAGART) YALIDINE', 'TAHAGART CHARKIA EN FACE MOSQUEE F.ZAHRAA ', '22.791772342647075,5.519063835582057', 1101),
(110103, 'Agence Tamanrasset EasyAndSpeed', 'حي سورو (تجزئة 505 قطعة) بلدية تامنراست', '22.80068373359581,5.54560229882288', 1101),
(120101, 'Agence de Tébessa Yalidine', 'Boulevard Houari Boumediene (En Face De La Pharmacie Hazourli)', '35.396636906679085,8.109079713415683', 1201),
(120103, 'Centre de tri Skanska Tébessa Yalidine', 'Cité El Amel', '35.40498213138372,8.100629186509849', 1201),
(120301, 'Agence Cheria Tébessa GUEPEX', 'رقم 10مكرر التحصيص البلدي رقم 02', '35.27905616702475,7.757957548028531', 1203),
(130101, 'Agence de Tlemcen(Bel-Air) guepex', 'Rue Des Freres Bouafia N°3 (A Cote De La Banque Natexis)', '34.876402141040735,-1.3186714345855781', 1301),
(130103, 'Agence de Tlemcen (Mansourah) Yalidine', 'Boulevard Imama (en face la piscine olympique)', '34.88115577405357,-1.332723451208682', 1301),
(130401, 'Agence Remchi Yalidine	', 'Rue Adjedir Mohamed', '35.06107475206156,-1.4348535740830457', 1304),
(132701, 'Agence de Maghnia Yalidine', 'Tafna N°4 Cite Perri', '34.844893260256576,-1.721598911713723', 1327),
(135001, 'Agence Chetouane Yalidine', 'Zone indistruelle', '34.90893882311112,-1.2930467499547136', 1350),
(143901, 'Agence de Tiaret Yalidine', 'Rue police Amer, n 161', '35.36817378579679,1.3328889101032386', 1439),
(150101, 'Agence de Bekkar Guepex', 'Cite Bekkar Classe 78 Propriete Groupe 137 (En Face Placette)', '36.70517616666733,4.058703310312472', 1501),
(150102, 'Agence de nouvelle ville Yalidine	', 'Nouvelle ville', '36.69298682328048,4.051372364416736', 1501),
(151101, 'Agence de Tizi Gheniff Guepex', 'Rue Fatoum Amar, Rez-De-Chaussee Btm 17, N° 02', '36.59031892958808,3.7745891447025954', 1511),
(151801, 'Agence de Azazga Yalidine', '01 Rue Djurdjura, Immeuble Ait Amara (Dépôt)', '36.74390989580551,4.367373988328014', 1518),
(154701, 'Agence de Draâ Ben Khedda Guepex', 'Touares 01', '36.728128393643594,3.9659861144322925', 1547),
(160101, 'Sacré-Cœur Guepex', '116 Didouche Mourad,  Sacre Cœur', '36.7635831801555,3.0471151913967005', 1601),
(160501, 'Agence de Bab El Oued Guepex', '107 Rue Colonel Lotfi', '36.788921063414854,3.0485394932807495', 1605),
(160902, 'Agence Bir Mourad Rais EasyAndSpeed', '14 rue des trois, Rue des Frères Bouadou, Bir Mourad Raïs 16005', '36.738515044397246,3.0539694576708545', 1609),
(161201, 'Agence de Birkhadem Yalidine', 'Cite Vergers Villa N°1', '36.728714872725824,3.0553242452285136', 1612),
(161401, 'Agence de Baraki Guepex', 'Route de Larbâa (à coté de la supérette Promo+)', '36.665013766367615,3.091836877210686', 1614),
(161503, 'Agence El harach-Beaulieu WeCanServices', '128 RUE BOUBAGHLA Lot 08 GPE MTE N°229 Lot N°02 RDC (BEAULIEU - OUED SEMAR)', '36.71195511661799,3.1575034000000004', 1615),
(161701, 'Hussein Dey Yalidine', 'Route Tripoli N°152', '36.73593184624371,3.117008726064961', 1617),
(161801, 'Agence Kouba Alger SpeedMail', 'Lotissement 26 Tranche 56 Local 01 Ben Omar', '36.72543355719765,3.0908529119026102', 1618),
(162003, 'Agence d\'El Hamiz EasyandSpeed', 'Cité les orangers Groupe A villa N°431, El Hamiz (en face le stade)', '36.724635189426365,3.2386747288555875', 1620),
(162102, 'Agence BAB EZZOUAR Yalitec', 'EPLF - BAB EZZOUAR', '36.720456069053455,3.1842058696201057', 1621),
(162902, 'Agence des Pins Maritime Yalitec', 'Rue; Les Pins Maritime Alger', '36.733535044609994,3.1662373966231194', 1629),
(163001, 'Agence de Bordj El Kiffan Yalidine', 'Rue 1Er Novembre 26 Cite Mimouni N 04', '36.74863150288901,3.20052947265849', 1630),
(163302, 'Agence Les Eucalyptus Zimou-Express', 'Rue Les Eucalyptus, N°56, palais rouge', '36.66934276333799,3.151980839588873', 1633),
(163401, 'Agence de Birtouta Guepex', '06 rue El Moudjahid Hamida Mouhamed (à côté de Supermarquet Saadi)', '36.645369231973724,3.0043017206575358', 1634),
(163901, 'Agence Bordj El Bahri (Café Chergui) Yalidine', 'Groupe de propriété n°3065, section 02, rez-de-chaussée, commune de Bordj El Bahri, wilaya d\'Alger', '36.780248835053634,3.249505410050749', 1639),
(164201, 'Agence de Rouiba Zimou-Express', 'Rue Hassiba Ben Bouali (chemin polyclinique)', '36.73755329601874,3.280255195985044', 1642),
(164301, 'Agence de DNC Yalidine', 'Cité El Ouancharis, DNC, Route de Ain Taya (En face Société générale)', '36.74734575091702,3.3423594000001984', 1643),
(164401, 'Agence de Aïn Benian Guepex', '19 Route Al-Jamilah, Division Kargon', '36.80041848415821,2.9025755690190453', 1644),
(164601, 'Agence de Zeralda Guepex', 'Local Commercial Rez De Chausser , Cite Yesswel Kouider N°01', '36.71270234813457,2.8343161757238713', 1646),
(164701, 'agence de Sidi abdellah Zimou Express', 'Cite 1400 local C6 Bt C6 sidi Abdallah, Alger ', '36.68484547063526,2.8518868625192098', 1647),
(165001, 'Dar Diaf Yalidine', 'Dar Diaf (à Côté De La Supérette Sedda)', '36.76825125970716,2.964346070388397', 1650),
(165002, 'Amara Yalidine', '10 Rue Ain benian partie 192 c2 Cheraga', '36.77481037187472,2.9545400288360257', 1650),
(165101, 'Agence de Ouled Fayet Guepex', '19 route du stade communal', '36.731778405827896,2.9569217546192674', 1651),
(165301, 'Agence de Draria Guepex', 'Cite Darbush 145, Habitation 400, Batiment 2', '36.72112076655928,2.9899307253169414', 1653),
(165401, 'Agence de Douera SpeedMail', 'cité 3746 LOGTS AADL-BT 88 Local 01', '36.68891832783761,2.944341438715307', 1654),
(170501, 'Agence de Aïn Oussara Yalidine', 'Cité Mohamed Boudiaf (rue en face la BNA, à coté de douche Rebhi)', '35.44999644877334,2.9044317099914543', 1705),
(171401, 'Agence de Djelfa Yalidine', 'Cité Boutrifis, route de Boussaâda, lotissement 137 N 06 Immeuble Djouaf Ameur', '34.6810443367391,3.277842246383707', 1714),
(180101, 'Agence de Jijel Yalidine', 'Village Mustapha RDC ROUTE SOUMMAM N°24', '36.82170292619886,5.758994169977939', 1801),
(180501, 'Agence de Taher Guepex', 'Immeuble Des Bailleurs, Section 58, Groupement De Propriete N°111, Quartier Zemouch', '36.77014887982159,5.8945063102513835', 1805),
(180901, 'Agence de El Milia Guepex', 'Rue Boulakirba Zidane', '36.74812705604037,6.27440627114814', 1809),
(181401, 'Agence Jijel kaous Yalidine', 'CITÉ AMOURA MESSAOUD N°02 COMMUNE KAOUS', '36.77631535560025,5.8116844576712765', 1814),
(190201, 'Agence Ain Arnat SpeedMail', 'Cité 400 Logements local 12 Bt 10 ', '36.19172039376498,5.329206094678563', 1902),
(190701, 'Agence de Aïn Oulmene Guepex', 'Cite 113, Immeuble Residentiel 63, Batiment 1 Rez-De-Chaussee, Entree 3', '35.917576158809716,5.292095298694284', 1907),
(192601, 'Agence de Bougaa Guepex', 'Rue Mohamed Chinoune', '36.33332614477243,5.0910191674128775', 1926),
(193202, 'Desk El Eulma Yalidine', 'Rue Abdelaziz Khaled, n°119 (à côté du hôtel El Bez)', '36.15225059777369,5.695548728857927', 1932),
(194901, 'Agence de Sétif Tinar Zimou-Express', 'Cité 600 logts Tinar,cité N°04,Bt N°19,local N°17', '36.17157923395763,5.499381416584906', 1949),
(195501, 'Agence Maabouda Yalidine', 'Cite D\'Al-Ma\'Bouda, Escalier 1 Du Batiment B Section 203 Groupe 77 Parcelle 5', '36.18965846309601,5.391857886372733', 1955),
(195502, 'Agence El Hidhab Guepex', 'Cité El Hidhab, 110 Logements Participatifs, Bâtiment B, Classe 71', '36.21033727296476,5.445401329161286', 1955),
(201101, 'Agence de Saïda Yalidine', 'cité Riadh (à coté de la mosquée Riadh)', '34.84330195332345,0.15648539493396532', 2011),
(210501, 'Agence de Azzaba Guepex', 'Enseigne Cite Za\'Af Rabeh', '36.73820784300283,7.103309891478236', 2105),
(211401, 'Agence de Collo Guepex', 'Boulevard  Ruwaibah Taher', '37.00947083691242,6.56541830758666', 2114),
(211801, 'Agence de El Harrouch Guepex', 'Cite 24 Logements Sociaux Covalent Sonatiba', '36.652696909280046,6.842743529091004', 2118),
(213502, 'Nouvelle Agence Skikda L\'espérance Yalidine', 'Rue El Reboua El Djamila, partie N°01 rez-de-chaussée', '36.873354511972565,6.904929615263629', 2135),
(213503, 'Agence de Skikda Faubourg Guepex', 'Rue Bachir BOUKADOUM BT 06 local N° 1', '36.86915957909143,6.907464813490152', 2135),
(223601, 'Agence de Sidi Bel Abbes Yalidine', 'Rue Mascara, (à cote de l\'hotel Beni Talla)', '35.18434154452605,-0.6141983368596451', 2236),
(223602, 'Agence Sidi Bel Abbès Benhamouda-Guepex', 'Benhamouda, (monté Sogral avant la mosquée El Safaa)', '35.22229568347109,-0.6257365146791259', 2236),
(230101, 'Agence de Valmascort Yalidine', 'avenue Seddik Benyahia Résidence * Fadi el Djamal *', '36.917000917596404,7.7527438280073016', 2301),
(230102, 'Agence de Sidi Brahim Guepex', 'Champs de mars numéro n°3', '36.89262144958703,7.752825084569422', 2301),
(230103, 'Agence Sidi Achour GHANZOH EXPRESS By YALIDINE', 'إقامة المنظر الجميل, Rte de Sidi Achour, Annaba', '36.885157221183945,7.71491466148644', 2301),
(230501, 'Agence de El Bouni Guepex', 'Section 1 Groupe 63 Propriete 246', '36.85634274671219,7.7483953860755985', 2305),
(241901, 'Nouvelle Agence Guelma Yalidine', 'route Ain Larbi, local N°01', '36.45597784442608,7.426379566015017', 2419),
(243001, 'Agence de Oued Zenati Guepex', 'Magasin Num 02', '36.30792321013235,7.160464035448827', 2430),
(250401, 'Agence Belle vue Yalidine', '70 Rue Belle Vue, Les Combattants (Ancienne Ville)', '36.3529999173718,6.608103735250445', 2504),
(250402, 'Agence Sidi Mabrouk Guepex', 'نهج لعراقب احمد رقم 09', '36.36117011786894,6.636566271164361', 2504),
(250403, 'Agence de Constantine Zouaghi ZIMOU-Express', 'Illot N°01 , 212, ain el bay, zouaghi, Constantine ', '36.31233464226101,6.625446226981942', 2504),
(250501, 'Agence de Didouche Mourad Yalidine', 'El Riadh n°10', '36.44833167015881,6.630756215108476', 2505),
(250601, 'Agence d\'El Khroub Guepex', 'Cité Bouhali Mohamed Said El Khroub', '36.264496940142756,6.689403542328722', 2506),
(250602, 'Agence Ali Mendjeli Yalidine', 'Zone d\'Activité N°47 Nouvelle Ville, Ali MENDJLI', '36.25992159231852,6.593449177806023', 2506),
(250605, 'Agence nouvelle ville guepex', '650 lpa عمارة 24 زاوية محل 145 ', '36.22914576332777,6.5751325423287215', 2506),
(260701, 'Agence Médéa Beni Slimane Yalidine', 'مجموعة ملكية رقم 44 قسم 44 بالتجزئة 55 حصة بني سليمان', '36.228267439084156,3.310825256843856', 2607),
(263301, 'Agence de Médéa El Koutab Yalidine', 'Hai El Koutab Médéa (En face boutique Dyelna Shop)', '36.275393392468935,2.7702085400567786', 2633),
(263302, 'Agence de Médéa Pole Urbain Guepex', 'Cité 80 Logs LSP Pole Urbain (à coté de la station de service Benhafri)', '36.267663838556054,2.7906953509033734', 2633),
(265901, 'Agence Tablat Yalidine', 'rue nationale N 08', '36.40665669612093,3.3224722', 2659),
(271801, 'Salamandre Yalidine', 'Salamandre (Rond Point De La Douane)', '35.9213552114013,0.07318708477898198', 2718),
(271802, 'Kharouba Guepex', 'Cité 600 logement Kharouba Mostaganem', '35.975042654997694,0.10676934149873608', 2718),
(281001, 'Agence de Berhoum Guepex', 'محل رقم 03 مجموعة ملكية 333 قسم 02 حي زيغود يوسف بلدية برهوم', '35.65709385298696,5.030348826732219', 2810),
(281201, 'Agence de Bou Saâda Yalidine', 'Cite 20 Aout 636/N°05 A', '35.22031324045397,4.178352103974209', 2812),
(282802, 'Agence Salem Shopping Mall Yalidine', 'Salem Shopping Mall, centre commercial (en face la daïra)', '35.711826195939764,4.533467813415232', 2828),
(283901, 'Agence Sidi Aîssa Guepex', 'بلدية سيدي عيسى E03 محل 07 حي الوئام المدني مجموعة ملكية 05 قسم 46 عمارة', '35.872334331109606,3.7830036541912944', 2839),
(292801, 'Agence de Mascara Yalidine', 'zone 08 a coté de la poste Emir Abdelkader', '35.401212227438585,0.1493982676612564', 2928),
(300801, 'Agence de Hassi Messaoud Yalidine', 'Derrière la CNAS, à coté de la clinique Ibn Sina', '31.688989360431812,6.068568678310962', 3008),
(301301, 'Agence de Ouargla (Dar el moualim) Guepex', 'Rue Lahreche Bachir (en face Dr. Abdelkader Beddiaf et la pharmacie Hakoum)', '31.945900615685254,5.315087870212104', 3013),
(301302, 'Agence de Ouargla (Chetti el wekal) Yalidine', 'Ave 1er novembre 1954, El Mkhadma, (Arrêt de tram Chatte El Wakla)', '31.942699293799976,5.312770721210608', 3013),
(310101, 'Saint Hubert Yalidine', 'Rue de l\'ANP Projet rue 153 GV 50-89 part 2 et 3 (Entre CPA ET CASNOS)', '35.67576049674193,-0.6399573752101966', 3101),
(310102, 'Cité Djamel Guepex', 'Rond-point cité Djamel (en allant vers Hai Sabah)', '35.69672884038709,-0.6024611501953713', 3101),
(310103, 'Agence de Gambetta Zimou-Expres', '54 avenue d\'arcole, Bouguerri Khelifa, Gambetta', '35.70584160555386,-0.6116408828756563', 3101),
(310104, 'Agence Canastel speedmail', '25, Rue Akid Lotfi Local N° 02', '35.7453859649244,-0.5692101104496627', 3101),
(310301, 'El Morchid Yalidine', 'Cooperative Immobiliere Dar El Amel N°68', '35.710492588656976,-0.5869307488573879', 3103),
(310302, 'Agence Fernand Ville Yalidine', '65 Rue 1er Novembre Hai Khemisti ,part 4 (Mosquée el kods)', '35.730398307760176,-0.5790437244693557', 3103),
(310601, 'Agence de Arzew Guepex', ' 17 Lotissement N 66 Plan Lot 167', '35.84733672313886,-0.31784657704458', 3106),
(320101, 'Agence de El Bayadh Yalidine', 'Rue Mohamed Touil (A Cote Auberge Hanna)', '33.68182465412115,1.0147081430506253', 3201),
(330101, 'Agence de Illizi Guepex', 'Chemin Ain El Kours Cite Salam', '26.506170413905355,8.489622372352972', 3301),
(330601, 'Agence In Amenas Guepex', 'القسم 12 مجموعة ملكية 56-342 مسكن بلدية ان اميناس', '28.050180003262113,9.578835500000002', 3306),
(340601, 'Agence de El Djebasse Yalidine', 'cite 1er novembre 1954, 90 logements numéro 42', '36.07358095544724,4.769126075519668', 3406),
(340603, 'Agence BBA Nouveau Lycée GUEPEX', 'محلات تجارية الطيب خيرة قسم 118 مم 66 بورج بوعريريج 0', '36.06763941313039,4.751931084654626', 3406),
(350101, 'Agence de Boumerdes Yalidine', 'Cité Foés bâtiment B local N°04 ', '36.75100407593048,3.457471537963522', 3501),
(350201, 'Agence Boudouaou Guepex', 'مشروع 36 مسكن ترقوي اجتماعي عمارة ا حصة 13 طابق ارضي بن عجال بودواو ولاية بومرداس', '36.7364177711616,3.3991148600692713', 3502),
(350501, 'Agence de Bordj Menaiel Guepex', 'Rue Bouira Boualem, Section 02 Magasin 02', '36.73815152136307,3.7220183039667347', 3505),
(353601, 'agence Hammedi WeCanServices', 'hammedi centre ville', '36.67993548309194,3.2586671865098484', 3536),
(361301, 'Agence Dréan El Tarf Yalidine', 'Rue lmzaouda al-arbi el dréan', '36.684014174423325,7.748788786509849', 3613),
(361701, 'Agence de El Tarf Yalidine', 'Rue N°44 Cite Les Vergers', '36.7670884594558,8.308140442356349', 3617),
(370201, 'Agence de Tindouf Yalidine', 'Cites Moussani (A Cote De La Radio)', '27.66861750577877,-8.142957799721954', 3702),
(382101, 'Agence de Tissemsilt Yalidine', 'Rue Bouis Ali Num 33  B Section 067 Groupe De Propriete 048', '35.60941808703387,1.8098678288304073', 3821),
(390101, 'Agence de El Oued Yalidine', 'Cite El Moudjahidine (en face Pharmacie Daghoum)', '33.35200172931514,6.853196485244896', 3901),
(401302, 'Agence route de Meskiana Yalidine', 'Route de Meskiana N°30 lot 66 Khenchela', '35.43154087131633,7.150444186509847', 4013),
(410101, 'Agence de Souk Ahras Yalidine', 'Cité El Louz Lot 64 (les amandiers)', '36.27400574751086,7.954879870917144', 4101),
(420101, 'Agence de Tipaza Yalidine', '24 cite M\'hamed Bougara (El Garari)', '36.5878925852878,2.439693415722701', 4201),
(421201, 'Agence Hadjout EasyAndspeed', 'Rue de stade RDC Hadjout, Tipaza', '36.516211255024885,2.4099873153425557', 4212),
(422201, 'Agence Cherchell Guepex', 'N°05 Rue MELHANI ABDERRAHMAN ', '36.60585555938602,2.1906684576712783', 4222),
(423501, 'agence De Kolea GUEPEX', 'N 03 Rue Mohamed addam', '36.63996315472693,2.7694844', 4235),
(430801, 'Agence de Chelghoum Laid Yalidine', 'Rue 01 Novembre, A Côté D\'Hôtel El Rhumel', '36.1590068466165,6.160283164642531', 4308),
(431301, 'Agence de FERDJIOUA SpeedMail', 'Rue bachir boulzazene n° 49 ', '36.40600290907155,5.942098743750034', 4313),
(431601, 'Agence de Mila Yalidine', 'Rue De Zerghia (A Coté Du Point De Vente Iris Et Gam Assurance)', '36.45296552261307,6.2564604692148205', 4316),
(440101, 'Agence de Aïn Defla Guepex', 'Cite Khyat Mohammed (L’Arret De La Zone Industrielle En Face La Pompe d\'essence)', '36.25140783716136,1.9415038000000007', 4401),
(442601, 'Agence de Khemis Miliana Guepex', 'Le Cote Ouest Du Quartier La Cadette Route Nationale', '36.26046455568064,2.202986246810656', 4426),
(450201, 'Agence de Mecheria Guepex', 'Rue Abdellaoui Mohammed Cité Iben Badis  (Connue Hadj Taleb, Près De Pharmacie Abbad Amina Et École Primaire)', '33.54236058678445,-0.28489289145698227', 4502),
(460401, 'Agence de Aïn Témouchent Yalidine', 'Sonne n5/ n 605/ d 228 logements, Hai Zitoun (à coté de la nouvelle agence de transport)', '35.31160813323017,-1.1468406674238103', 4604),
(460701, 'Agence de Beni Saf Guepex', 'Cité Sohbi, zone urbaine (en face de la pompe d\'essence)', '35.30573507836949,-1.3524657019668493', 4607),
(470201, 'Agence SpeedMail Bounoura Ghardaia', 'Cité Bahman local 07 Route d’el Atteuf ', '32.47228618234048,3.705232', 4702),
(470701, 'Agence de Ghardaïa Thenia Guepex', 'Ghardaïa Thenia a coté de lycé mofdi zakaria ', '32.51422379314845,3.680928631621788', 4707),
(470702, 'Agence de Bouhraoua Yalidine', 'Bouhraoua (en face centre d\'exposition)', '32.518556971150865,3.6696240790628734', 4707),
(483001, 'Agence de Relizane Yalidine', 'Boulevard 69 Zaghloul (en face la banque d\'Algérie)', '35.74256254570214,0.5546923698242852', 4830),
(490901, 'Agence de Timimoun [Yalidine]', 'Rue Mohamed El Hashemi', '29.25928043831401,0.23095582639144044', 4909),
(512601, 'Agence de Ouled Djellal [Yalidine]	', 'Rue Gasmi Ibrahim (En Face Ecole Mazen School)', '34.43692622498558,5.069068600603627', 5126),
(530801, 'Agence de In Salah [Yalidine]	', 'Centre ville (à coté de la poste et la maison de jeune)', '27.1977485821485,2.4788359630505163', 5308),
(552001, 'Agence de Touggourt [Yalidine]', 'Cite Rimal 01 (A Cote De La Pharmacie Harkati Route Nationale N°03)', '33.10026087453198,6.052441603706706', 5520),
(560201, 'Agence de Djanet [Guepex]', 'Tin Khatma', '24.55986182082406, 9.481856717098914', 5602),
(572701, 'Agence de El M\'Ghair [Yalidine]', 'Lotissement 360 Logements Nouvelle Zone Urbaine', '33.95575864498291,5.908902723517538', 5727),
(572801, 'Agence de Djamaa [Guepex]', 'Cite Essalam (A Cote Du Clinique Douaa)', '33.53384327436235,5.983139975719593', 5728),
(580601, 'Agence de El Menia [Yalidine]', 'Route Unite Africaine', '30.578857742061352,2.8802528030169148', 5806);


INSERT INTO `categories` (`id`, `name`) VALUES
(1, 'Boys'),
(2, 'Girls'),
(3, 'TwoItems'),
(4, 'ThreeItems'),
(5, 'FourthItems');
INSERT INTO `category_product` (`id`, `product_id`, `category_id`) VALUES
(2, 11, 2),
(3, 11, 3),
(4, 12, 1),
(5, 12, 4),
(6, 13, 2),
(7, 13, 3),
(8, 14, 1),
(9, 14, 5),
(10, 15, 2),
(11, 15, 3),
(12, 16, 1),
(13, 16, 3),
(14, 32, 1),
(15, 32, 2),
(16, 32, 3),
(17, 17, 1),
(18, 17, 4),
(19, 18, 1),
(20, 18, 3),
(21, 19, 1),
(22, 19, 3),
(23, 20, 1),
(24, 20, 4),
(25, 21, 2),
(26, 21, 5),
(27, 22, 1),
(28, 22, 4),
(34, 24, 2),
(35, 24, 3),
(36, 25, 2),
(37, 25, 3),
(38, 26, 2),
(39, 26, 3),
(40, 27, 1),
(41, 27, 2),
(42, 27, 3),
(43, 28, 2),
(44, 28, 3),
(45, 29, 1),
(46, 29, 3),
(47, 30, 1),
(48, 30, 3),
(49, 31, 1),
(50, 31, 2),
(51, 31, 3),
(52, 33, 2),
(53, 33, 3),
(54, 34, 2),
(55, 34, 3);
INSERT INTO `communes` (`id`, `name`, `is_deliverable`, `has_stop_desk`, `wilaya_id`) VALUES
(101, 'Adrar', 1, 1, 1),
(102, 'Tamest', 1, 0, 1),
(104, 'Reggane', 1, 0, 1),
(105, 'In Zghmir', 1, 0, 1),
(106, 'Tit', 1, 0, 1),
(108, 'Tsabit', 1, 0, 1),
(111, 'Zaouiet Kounta', 1, 0, 1),
(112, 'Aoulef', 1, 0, 1),
(113, 'Tamekten', 1, 0, 1),
(114, 'Tamantit', 1, 0, 1),
(115, 'Fenoughil', 1, 0, 1),
(118, 'Sali', 1, 0, 1),
(119, 'Akabli', 1, 0, 1),
(121, 'Ouled Ahmed Tammi', 1, 0, 1),
(122, 'Bouda', 1, 0, 1),
(126, 'Sebaa', 1, 0, 1),
(201, 'Abou El Hassan', 1, 0, 2),
(202, 'Aïn Merane', 1, 0, 2),
(203, 'Bénairia', 1, 0, 2),
(204, 'Beni Bouateb', 1, 0, 2),
(205, 'Beni Haoua', 1, 0, 2),
(206, 'Beni Rached', 1, 0, 2),
(207, 'Boukadir', 1, 0, 2),
(208, 'Bouzeghaia', 1, 0, 2),
(209, 'Breira', 1, 0, 2),
(210, 'Chettia', 1, 0, 2),
(211, 'Chlef', 1, 1, 2),
(212, 'Dahra', 1, 0, 2),
(213, 'El Hadjadj', 1, 0, 2),
(214, 'El Karimia', 1, 0, 2),
(215, 'El Marsa', 1, 0, 2),
(216, 'Harchoun', 1, 0, 2),
(217, 'Harenfa', 1, 0, 2),
(218, 'Labiod Medjadja', 1, 0, 2),
(219, 'Moussadek', 1, 0, 2),
(220, 'Oued Fodda', 1, 0, 2),
(221, 'Oued Goussine', 1, 0, 2),
(222, 'Oued Sly', 1, 0, 2),
(223, 'Ouled Abbes', 1, 0, 2),
(224, 'Ouled Ben Abdelkader', 1, 0, 2),
(225, 'Ouled Fares', 1, 0, 2),
(226, 'Oum Drou', 1, 0, 2),
(227, 'Sendjas', 1, 0, 2),
(228, 'Sidi Abderrahmane', 1, 0, 2),
(229, 'Sidi Akkacha', 1, 0, 2),
(230, 'Sobha', 1, 0, 2),
(231, 'Tadjena', 1, 0, 2),
(232, 'Talassa', 1, 0, 2),
(233, 'Taougrite', 1, 0, 2),
(234, 'Ténès', 1, 1, 2),
(235, 'Zeboudja', 1, 0, 2),
(301, 'Laghouat', 1, 1, 3),
(302, 'Ksar El Hirane', 1, 0, 3),
(303, 'Bennasser Benchohra', 1, 0, 3),
(304, 'Sidi Makhlouf', 1, 0, 3),
(305, 'Hassi Delaa', 1, 0, 3),
(306, 'Hassi R\'Mel', 1, 0, 3),
(307, 'Aïn Madhi', 1, 0, 3),
(308, 'Tadjemout', 1, 0, 3),
(309, 'Kheneg', 1, 0, 3),
(310, 'Gueltat Sidi Saad', 1, 0, 3),
(311, 'Aïn Sidi Ali', 0, 0, 3),
(312, 'Beidha', 0, 0, 3),
(313, 'Brida', 0, 0, 3),
(314, 'El Ghicha', 1, 0, 3),
(315, 'Hadj Mechri', 0, 0, 3),
(316, 'Sebgag', 0, 0, 3),
(317, 'Taouiala', 0, 0, 3),
(318, 'Tadjrouna', 0, 0, 3),
(319, 'Aflou', 1, 1, 3),
(320, 'El Assafia', 1, 0, 3),
(321, 'Oued Morra', 0, 0, 3),
(322, 'Oued M\'Zi', 1, 0, 3),
(323, 'El Houaita', 1, 0, 3),
(324, 'Sidi Bouzid', 0, 0, 3),
(401, 'Oum el Bouaghi', 1, 1, 4),
(402, 'Aïn Beïda', 1, 0, 4),
(403, 'Aïn M\'lila', 1, 1, 4),
(404, 'Behir Chergui', 1, 0, 4),
(405, 'El Amiria', 1, 0, 4),
(406, 'Sigus', 1, 0, 4),
(407, 'El Belala', 1, 0, 4),
(408, 'Aïn Babouche', 1, 0, 4),
(409, 'Berriche', 1, 0, 4),
(410, 'Ouled Hamla', 1, 0, 4),
(411, 'Dhalaa', 1, 0, 4),
(412, 'Aïn Kercha', 1, 0, 4),
(413, 'Hanchir Toumghani', 1, 0, 4),
(414, 'El Djazia', 1, 0, 4),
(415, 'Aïn Diss', 1, 0, 4),
(416, 'Fkirina', 1, 0, 4),
(417, 'Souk Naamane', 1, 0, 4),
(418, 'Zorg', 1, 0, 4),
(419, 'El Fedjoudj Boughrara Saoudi', 1, 0, 4),
(420, 'Ouled Zouaï', 1, 0, 4),
(421, 'Bir Chouhada', 1, 0, 4),
(422, 'Ksar Sbahi', 1, 0, 4),
(423, 'Oued Nini', 1, 0, 4),
(424, 'Meskiana', 1, 0, 4),
(425, 'Aïn Fakroun', 1, 1, 4),
(426, 'Rahia', 1, 0, 4),
(427, 'Aïn Zitoun', 1, 0, 4),
(428, 'Ouled Gacem', 1, 0, 4),
(429, 'El Harmilia', 1, 0, 4),
(501, 'Batna', 1, 1, 5),
(502, 'Ghassira', 1, 0, 5),
(503, 'Maafa', 1, 0, 5),
(504, 'Merouana', 1, 0, 5),
(505, 'Seriana', 1, 0, 5),
(506, 'Menaa', 1, 0, 5),
(507, 'El Madher', 1, 0, 5),
(508, 'Tazoult', 1, 0, 5),
(509, 'N\'Gaous', 1, 0, 5),
(510, 'Guigba', 1, 0, 5),
(511, 'Inoughissen', 1, 0, 5),
(512, 'Ouyoun El Assafir', 1, 0, 5),
(513, 'Djerma', 1, 0, 5),
(514, 'Bitam', 1, 0, 5),
(515, 'Abdelkader Azil', 1, 0, 5),
(516, 'Arris', 1, 0, 5),
(517, 'Kimmel', 1, 0, 5),
(518, 'Tilatou', 1, 0, 5),
(519, 'Aïn Djasser', 1, 0, 5),
(520, 'Ouled Sellam', 1, 0, 5),
(521, 'Tigherghar', 1, 0, 5),
(522, 'Aïn Yagout', 1, 0, 5),
(523, 'Fesdis', 1, 0, 5),
(524, 'Sefiane', 1, 0, 5),
(525, 'Rahbat', 1, 0, 5),
(526, 'Tighanimine', 1, 0, 5),
(527, 'Lemsane', 1, 0, 5),
(528, 'Ksar Bellezma', 1, 0, 5),
(529, 'Seggana', 1, 0, 5),
(530, 'Ichmoul', 1, 0, 5),
(531, 'Foum Toub', 1, 0, 5),
(532, 'Ben Foudhala El Hakania', 1, 0, 5),
(533, 'Oued El Ma', 1, 0, 5),
(534, 'Talkhamt', 1, 0, 5),
(535, 'Bouzina', 1, 0, 5),
(536, 'Chemora', 1, 0, 5),
(537, 'Oued Chaaba', 1, 0, 5),
(538, 'Taxlent', 1, 0, 5),
(539, 'Gosbat', 1, 0, 5),
(540, 'Ouled Aouf', 1, 0, 5),
(541, 'Boumagueur', 1, 0, 5),
(542, 'Barika', 1, 1, 5),
(543, 'Djezar', 1, 0, 5),
(544, 'T\'Kout', 1, 0, 5),
(545, 'Aïn Touta', 1, 0, 5),
(546, 'Hidoussa', 1, 0, 5),
(547, 'Teniet El Abed', 1, 0, 5),
(548, 'Oued Taga', 1, 0, 5),
(549, 'Ouled Fadel', 1, 0, 5),
(550, 'Timgad', 1, 0, 5),
(551, 'Ras El Aioun', 1, 0, 5),
(552, 'Chir', 1, 0, 5),
(553, 'Ouled Si Slimane', 1, 0, 5),
(554, 'Zanat El Beida', 1, 0, 5),
(555, 'M\'doukel', 1, 0, 5),
(556, 'Ouled Ammar', 1, 0, 5),
(557, 'El Hassi', 1, 0, 5),
(558, 'Lazrou', 1, 0, 5),
(559, 'Boumia (Batna)', 1, 0, 5),
(560, 'Boulhilat', 1, 0, 5),
(561, 'Larbaâ', 1, 0, 5),
(601, 'Béjaïa', 1, 1, 6),
(602, 'Amizour', 1, 0, 6),
(603, 'Ferraoun', 1, 0, 6),
(604, 'Taourirt Ighil', 1, 0, 6),
(605, 'Chellata', 1, 0, 6),
(606, 'Tamokra', 0, 0, 6),
(607, 'Timezrit', 1, 0, 6),
(608, 'Souk El Ténine', 1, 0, 6),
(609, 'M\'cisna', 1, 0, 6),
(610, 'Tinabdher', 1, 0, 6),
(611, 'Tichy', 1, 0, 6),
(612, 'Semaoun', 1, 0, 6),
(613, 'Kendira', 1, 0, 6),
(614, 'Tifra', 1, 0, 6),
(615, 'Ighram', 1, 0, 6),
(616, 'Amalou', 1, 0, 6),
(617, 'Ighil Ali', 1, 0, 6),
(618, 'Fenaïa Ilmaten', 1, 0, 6),
(619, 'Toudja', 1, 0, 6),
(620, 'Darguina', 1, 0, 6),
(621, 'Sidi Ayad', 1, 0, 6),
(622, 'Aokas', 1, 0, 6),
(623, 'Ait Djellil', 1, 0, 6),
(624, 'Adekar', 1, 0, 6),
(625, 'Akbou', 1, 1, 6),
(626, 'Seddouk', 1, 0, 6),
(627, 'Tazmalt', 1, 0, 6),
(628, 'Aït R\'zine', 1, 0, 6),
(629, 'Chemini', 1, 0, 6),
(630, 'Souk Oufella', 1, 0, 6),
(631, 'Tibane', 1, 0, 6),
(632, 'Tala Hamza', 1, 0, 6),
(633, 'Barbacha', 1, 0, 6),
(634, 'Aït Ksila', 1, 0, 6),
(635, 'Ouzellaguen', 1, 0, 6),
(636, 'Bouhamza', 1, 0, 6),
(637, 'Taskriout', 1, 0, 6),
(638, 'Aït Mellikeche', 1, 0, 6),
(639, 'Sidi Aïch', 1, 0, 6),
(640, 'El Kseur', 1, 1, 6),
(641, 'Melbou', 1, 0, 6),
(642, 'Akfadou', 1, 0, 6),
(643, 'Leflaye', 1, 0, 6),
(644, 'Kherrata', 1, 0, 6),
(645, 'Draâ El Kaïd', 1, 0, 6),
(646, 'Tamridjet', 1, 0, 6),
(647, 'Aït Smail', 1, 0, 6),
(648, 'Boukhelifa', 1, 0, 6),
(649, 'Tizi N\'Berber', 0, 0, 6),
(650, 'Aït Maouche', 1, 0, 6),
(651, 'Oued Ghir', 1, 0, 6),
(652, 'Boudjellil', 1, 0, 6),
(701, 'Aïn Naga', 1, 0, 7),
(702, 'Aïn Zaatout', 1, 0, 7),
(704, 'Biskra', 1, 1, 7),
(705, 'Bordj Ben Azzouz', 1, 0, 7),
(706, 'Bouchagroune', 1, 0, 7),
(707, 'Branis', 1, 0, 7),
(708, 'Chetma', 1, 0, 7),
(709, 'Djemorah', 1, 0, 7),
(712, 'El Feidh', 1, 0, 7),
(713, 'El Ghrous', 1, 0, 7),
(714, 'El Hadjeb', 1, 0, 7),
(715, 'El Haouch', 1, 0, 7),
(716, 'El Kantara', 1, 0, 7),
(717, 'El Mizaraa', 1, 0, 7),
(718, 'El Outaya', 1, 0, 7),
(719, 'Foughala', 1, 0, 7),
(720, 'Khenguet Sidi Nadji', 1, 0, 7),
(721, 'Lichana', 1, 0, 7),
(722, 'Lioua', 1, 0, 7),
(723, 'M\'Chouneche', 1, 0, 7),
(724, 'Mekhadma', 1, 0, 7),
(725, 'M\'Lili', 1, 0, 7),
(727, 'Oumache', 1, 0, 7),
(728, 'Ourlal', 1, 0, 7),
(731, 'Sidi Okba', 1, 0, 7),
(732, 'Tolga', 1, 1, 7),
(733, 'Zeribet El Oued', 1, 0, 7),
(801, 'Béchar', 1, 1, 8),
(802, 'Erg Ferradj', 1, 0, 8),
(804, 'Meridja', 1, 0, 8),
(806, 'Lahmar', 1, 0, 8),
(809, 'Mechraa Houari Boumedienne', 1, 0, 8),
(810, 'Kenadsa', 1, 0, 8),
(813, 'Taghit', 1, 0, 8),
(815, 'Boukais', 1, 0, 8),
(816, 'Mougheul', 1, 0, 8),
(817, 'Abadla', 1, 0, 8),
(821, 'Beni Ounif', 1, 0, 8),
(901, 'Blida', 1, 1, 9),
(902, 'Chebli', 1, 0, 9),
(903, 'Bouinan', 1, 0, 9),
(904, 'Oued Alleug', 1, 0, 9),
(907, 'Ouled Yaïch', 1, 1, 9),
(908, 'Chréa', 1, 0, 9),
(910, 'El Affroun', 1, 0, 9),
(911, 'Chiffa', 1, 0, 9),
(912, 'Hammam Melouane', 1, 0, 9),
(913, 'Benkhelil', 1, 0, 9),
(914, 'Soumaa', 1, 0, 9),
(916, 'Mouzaia', 1, 1, 9),
(917, 'Souhane', 1, 0, 9),
(918, 'Meftah', 1, 0, 9),
(919, 'Ouled Slama', 1, 0, 9),
(920, 'Boufarik', 1, 1, 9),
(921, 'Larbaa', 1, 1, 9),
(922, 'Oued Djer', 1, 0, 9),
(923, 'Beni Tamou', 1, 0, 9),
(924, 'Bouarfa', 1, 0, 9),
(925, 'Beni Mered', 1, 0, 9),
(926, 'Bougara', 1, 0, 9),
(927, 'Guerouaou', 1, 0, 9),
(928, 'Aïn Romana', 1, 0, 9),
(929, 'Djebabra', 1, 0, 9),
(1001, 'Aïn Bessem', 1, 0, 10),
(1002, 'Hanif', 1, 0, 10),
(1003, 'Aghbalou', 1, 0, 10),
(1004, 'Aïn El Hadjar', 1, 0, 10),
(1005, 'Ahl El Ksar', 1, 0, 10),
(1006, 'Aïn Laloui', 1, 0, 10),
(1007, 'Ath Mansour', 1, 0, 10),
(1008, 'Aomar', 1, 0, 10),
(1009, 'Aïn El Turc', 1, 0, 10),
(1010, 'Aït Laziz', 1, 0, 10),
(1011, 'Bouderbala', 1, 0, 10),
(1012, 'Bechloul', 1, 0, 10),
(1013, 'Bir Ghbalou', 1, 0, 10),
(1014, 'Boukram', 1, 0, 10),
(1015, 'Bordj Okhriss', 1, 0, 10),
(1016, 'Bouira', 1, 1, 10),
(1017, 'Chorfa', 1, 0, 10),
(1018, 'Dechmia', 1, 0, 10),
(1019, 'Dirrah', 1, 0, 10),
(1020, 'Djebahia', 1, 0, 10),
(1021, 'El Hakimia', 1, 0, 10),
(1022, 'El Hachimia', 1, 0, 10),
(1023, 'El Adjiba', 1, 0, 10),
(1024, 'El Khabouzia', 1, 0, 10),
(1025, 'El Mokrani', 1, 0, 10),
(1026, 'El Asnam', 1, 0, 10),
(1027, 'Guerrouma', 1, 0, 10),
(1028, 'Haizer', 1, 0, 10),
(1029, 'Hadjera Zerga', 1, 0, 10),
(1030, 'Kadiria', 1, 0, 10),
(1031, 'Lakhdaria', 1, 1, 10),
(1032, 'M\'Chedallah', 1, 0, 10),
(1033, 'Mezdour', 1, 0, 10),
(1034, 'Maala', 1, 0, 10),
(1035, 'Maamora', 1, 0, 10),
(1036, 'Oued El Berdi', 1, 0, 10),
(1037, 'Ouled Rached', 1, 0, 10),
(1038, 'Raouraoua', 1, 0, 10),
(1039, 'Ridane', 1, 0, 10),
(1040, 'Saharidj', 1, 0, 10),
(1041, 'Sour El Ghouzlane', 1, 1, 10),
(1042, 'Souk El Khemis', 1, 0, 10),
(1043, 'Taguedit', 1, 0, 10),
(1044, 'Taghzout', 1, 0, 10),
(1045, 'Zbarbar', 1, 0, 10),
(1101, 'Tamanrasset', 1, 1, 11),
(1102, 'Abalessa', 0, 0, 11),
(1105, 'Idles', 0, 0, 11),
(1106, 'Tazrouk', 0, 0, 11),
(1109, 'In Amguel', 0, 0, 11),
(1201, 'Tébessa', 1, 1, 12),
(1202, 'Bir el Ater', 0, 0, 12),
(1203, 'Cheria', 1, 1, 12),
(1204, 'Stah Guentis', 1, 0, 12),
(1205, 'El Aouinet', 1, 0, 12),
(1206, 'El Houidjbet', 1, 0, 12),
(1207, 'Safsaf El Ouesra', 1, 0, 12),
(1208, 'Hammamet', 1, 0, 12),
(1209, 'Negrine', 1, 0, 12),
(1210, 'Bir Mokkadem', 1, 0, 12),
(1211, 'El Kouif', 1, 0, 12),
(1212, 'Morsott', 1, 0, 12),
(1213, 'El Ogla', 1, 0, 12),
(1214, 'Bir Dheb', 1, 0, 12),
(1215, 'Ogla Melha', 1, 0, 12),
(1216, 'Guorriguer', 1, 0, 12),
(1217, 'Bekkaria', 1, 0, 12),
(1218, 'Boukhadra', 1, 0, 12),
(1219, 'Ouenza', 1, 0, 12),
(1220, 'El Ma Labiodh', 1, 0, 12),
(1221, 'Oum Ali', 1, 0, 12),
(1222, 'Tlidjene', 1, 0, 12),
(1223, 'Aïn Zerga', 1, 0, 12),
(1224, 'El Meridj', 1, 0, 12),
(1225, 'Boulhaf Dir', 1, 0, 12),
(1226, 'Bedjene', 1, 0, 12),
(1227, 'El Mezeraa', 1, 0, 12),
(1228, 'Ferkane', 1, 0, 12),
(1301, 'Tlemcen', 1, 1, 13),
(1302, 'Beni Mester', 1, 0, 13),
(1303, 'Aïn Tallout', 1, 0, 13),
(1304, 'Remchi', 1, 1, 13),
(1305, 'El Fehoul', 1, 0, 13),
(1306, 'Sabra', 1, 0, 13),
(1307, 'Ghazaouet', 1, 0, 13),
(1308, 'Souani', 1, 0, 13),
(1309, 'Djebala', 1, 0, 13),
(1310, 'El Gor', 1, 0, 13),
(1311, 'Oued Lakhdar', 1, 0, 13),
(1312, 'Aïn Fezza', 1, 0, 13),
(1313, 'Ouled Mimoun', 1, 0, 13),
(1314, 'Amieur', 1, 0, 13),
(1315, 'Aïn Youcef', 1, 0, 13),
(1316, 'Zenata', 1, 0, 13),
(1317, 'Beni Snous', 1, 0, 13),
(1318, 'Bab El Assa', 1, 0, 13),
(1319, 'Dar Yaghmouracene', 1, 0, 13),
(1320, 'Fellaoucene', 1, 0, 13),
(1321, 'Azails', 1, 0, 13),
(1322, 'Sebaa Chioukh', 1, 0, 13),
(1323, 'Terny Beni Hdiel', 1, 0, 13),
(1324, 'Bensekrane', 1, 0, 13),
(1325, 'Aïn Nehala', 1, 0, 13),
(1326, 'Hennaya', 1, 0, 13),
(1327, 'Maghnia', 1, 1, 13),
(1328, 'Hammam Boughrara', 1, 0, 13),
(1329, 'Souahlia', 1, 0, 13),
(1330, 'MSirda Fouaga', 1, 0, 13),
(1331, 'Aïn Fetah', 1, 0, 13),
(1332, 'El Aricha', 1, 0, 13),
(1333, 'Souk Tlata', 1, 0, 13),
(1334, 'Sidi Abdelli', 1, 0, 13),
(1335, 'Sebdou', 1, 0, 13),
(1336, 'Beni Ouarsous', 1, 0, 13),
(1337, 'Sidi Medjahed', 1, 0, 13),
(1338, 'Beni Boussaid', 1, 0, 13),
(1339, 'Marsa Ben M\'Hidi', 1, 0, 13),
(1340, 'Nedroma', 1, 0, 13),
(1341, 'Sidi Djillali', 1, 0, 13),
(1342, 'Beni Bahdel', 1, 0, 13),
(1343, 'El Bouihi', 1, 0, 13),
(1344, 'Honaïne', 1, 0, 13),
(1345, 'Tienet', 1, 0, 13),
(1346, 'Ouled Riyah', 1, 0, 13),
(1347, 'Bouhlou', 1, 0, 13),
(1348, 'Beni Khellad', 1, 0, 13),
(1349, 'Aïn Ghoraba', 1, 0, 13),
(1350, 'Chetouane', 1, 1, 13),
(1351, 'Mansourah', 1, 0, 13),
(1352, 'Beni Semiel', 1, 0, 13),
(1353, 'Aïn Kebira', 1, 0, 13),
(1401, 'Aïn Bouchekif', 1, 0, 14),
(1402, 'Aïn Deheb', 1, 0, 14),
(1403, 'Aïn El Hadid', 1, 0, 14),
(1404, 'Aïn Kermes', 1, 0, 14),
(1405, 'Aïn Dzarit', 1, 0, 14),
(1406, 'Bougara', 1, 0, 14),
(1407, 'Chehaima', 1, 0, 14),
(1408, 'Dahmouni', 1, 0, 14),
(1409, 'Djebilet Rosfa', 1, 0, 14),
(1410, 'Djillali Ben Amar', 1, 0, 14),
(1411, 'Faidja', 1, 0, 14),
(1412, 'Frenda', 1, 0, 14),
(1413, 'Guertoufa', 1, 0, 14),
(1414, 'Hamadia', 1, 0, 14),
(1415, 'Ksar Chellala', 1, 0, 14),
(1416, 'Madna', 0, 0, 14),
(1417, 'Mahdia', 1, 0, 14),
(1418, 'Mechraa Safa', 1, 0, 14),
(1419, 'Medrissa', 1, 0, 14),
(1420, 'Medroussa', 1, 0, 14),
(1421, 'Meghila', 1, 0, 14),
(1422, 'Mellakou', 1, 0, 14),
(1423, 'Nadorah', 0, 0, 14),
(1424, 'Naima', 1, 0, 14),
(1425, 'Oued Lilli', 1, 0, 14),
(1426, 'Rahouia', 1, 0, 14),
(1427, 'Rechaiga', 1, 0, 14),
(1428, 'Sebaine', 1, 0, 14),
(1429, 'Sebt', 1, 0, 14),
(1430, 'Serghine', 1, 0, 14),
(1431, 'Si Abdelghani', 1, 0, 14),
(1432, 'Sidi Abderahmane', 1, 0, 14),
(1433, 'Sidi Ali Mellal', 1, 0, 14),
(1434, 'Sidi Bakhti', 0, 0, 14),
(1435, 'Sidi Hosni', 1, 0, 14),
(1436, 'Sougueur', 1, 0, 14),
(1437, 'Tagdemt', 1, 0, 14),
(1438, 'Takhemaret', 1, 0, 14),
(1439, 'Tiaret', 1, 1, 14),
(1440, 'Tidda', 1, 0, 14),
(1441, 'Tousnina', 1, 0, 14),
(1442, 'Zmalet El Emir Abdelkader', 1, 0, 14),
(1501, 'Tizi Ouzou', 1, 1, 15),
(1502, 'Ain El Hammam', 1, 0, 15),
(1503, 'Akbil', 1, 0, 15),
(1504, 'Freha', 1, 0, 15),
(1505, 'Souamaâ', 1, 0, 15),
(1506, 'Mechtras', 1, 0, 15),
(1507, 'Irdjen', 1, 0, 15),
(1508, 'Timizart', 1, 0, 15),
(1509, 'Makouda', 1, 0, 15),
(1510, 'Draâ El Mizan', 1, 0, 15),
(1511, 'Tizi Gheniff', 1, 1, 15),
(1512, 'Bounouh', 1, 0, 15),
(1513, 'Aït Chafâa', 1, 0, 15),
(1514, 'Frikat', 1, 0, 15),
(1515, 'Beni Aïssi', 1, 0, 15),
(1516, 'Beni Zmenzer', 1, 0, 15),
(1517, 'Iferhounène', 1, 0, 15),
(1518, 'Azazga', 1, 1, 15),
(1519, 'Illoula Oumalou', 1, 0, 15),
(1520, 'Yakouren', 1, 0, 15),
(1521, 'Larbaâ Nath Irathen', 1, 0, 15),
(1522, 'Tizi Rached', 1, 0, 15),
(1523, 'Zekri', 0, 0, 15),
(1524, 'Ouaguenoun', 1, 0, 15),
(1525, 'Aïn Zaouia', 1, 0, 15),
(1526, 'M\'Kira', 1, 0, 15),
(1527, 'Aït Yahia', 1, 0, 15),
(1528, 'Aït Mahmoud', 1, 0, 15),
(1529, 'Mâatkas', 1, 0, 15),
(1530, 'Aït Boumahdi', 1, 0, 15),
(1531, 'Abi Youcef', 1, 0, 15),
(1532, 'Beni Douala', 1, 0, 15),
(1533, 'Illilten', 1, 0, 15),
(1534, 'Bouzguen', 1, 0, 15),
(1535, 'Aït Aggouacha', 1, 0, 15),
(1536, 'Ouadhia', 1, 0, 15),
(1537, 'Azeffoun', 1, 0, 15),
(1538, 'Tigzirt', 1, 0, 15),
(1539, 'Aït Aïssa Mimoun', 1, 0, 15),
(1540, 'Boghni', 1, 0, 15),
(1541, 'Ifigha', 1, 0, 15),
(1542, 'Aït Oumalou', 1, 0, 15),
(1543, 'Tirmitine', 1, 0, 15),
(1544, 'Akerrou', 1, 0, 15),
(1545, 'Yatafen', 1, 0, 15),
(1546, 'Ath Zikki', 1, 0, 15),
(1547, 'Draâ Ben Khedda', 1, 1, 15),
(1548, 'Ouacif', 1, 0, 15),
(1549, 'Idjeur', 1, 0, 15),
(1550, 'Mekla', 1, 0, 15),
(1551, 'Tizi N\'Tleta', 1, 0, 15),
(1552, 'Aït Yenni', 1, 0, 15),
(1553, 'Aghribs', 1, 0, 15),
(1554, 'Iflissen', 1, 0, 15),
(1555, 'Boudjima', 1, 0, 15),
(1556, 'Aït Yahia Moussa', 1, 0, 15),
(1557, 'Souk El Thenine', 1, 0, 15),
(1558, 'Aït Khellili', 1, 0, 15),
(1559, 'Sidi Namane', 1, 0, 15),
(1560, 'Iboudraren', 1, 0, 15),
(1561, 'Agouni Gueghrane', 1, 0, 15),
(1562, 'Mizrana', 1, 0, 15),
(1563, 'Imsouhel', 1, 0, 15),
(1564, 'Tadmaït', 1, 0, 15),
(1565, 'Aït Bouadou', 1, 0, 15),
(1566, 'Assi Youcef', 1, 0, 15),
(1567, 'Aït Toudert', 1, 0, 15),
(1601, 'Alger Centre', 1, 1, 16),
(1602, 'Sidi M\'Hamed', 1, 0, 16),
(1603, 'El Madania', 1, 0, 16),
(1604, 'Belouizdad', 1, 0, 16),
(1605, 'Bab El Oued', 1, 1, 16),
(1606, 'Bologhine', 1, 0, 16),
(1607, 'Casbah', 1, 0, 16),
(1608, 'Oued Koriche', 1, 0, 16),
(1609, 'Bir Mourad Raïs', 1, 1, 16),
(1610, 'El Biar', 1, 0, 16),
(1611, 'Bouzareah', 1, 0, 16),
(1612, 'Birkhadem', 1, 1, 16),
(1613, 'El Harrach', 1, 0, 16),
(1614, 'Baraki', 1, 1, 16),
(1615, 'Oued Smar', 1, 1, 16),
(1616, 'Bachdjerrah', 1, 0, 16),
(1617, 'Hussein Dey', 1, 1, 16),
(1618, 'Kouba', 1, 1, 16),
(1619, 'Bourouba', 1, 0, 16),
(1620, 'Dar El Beïda', 1, 1, 16),
(1621, 'Bab Ezzouar', 1, 1, 16),
(1622, 'Ben Aknoun', 1, 0, 16),
(1623, 'Dely Ibrahim', 1, 0, 16),
(1624, 'El Hammamet', 1, 0, 16),
(1625, 'Raïs Hamidou', 1, 0, 16),
(1626, 'Djasr Kasentina', 1, 0, 16),
(1627, 'El Mouradia', 1, 0, 16),
(1628, 'Hydra', 1, 0, 16),
(1629, 'Mohammadia', 1, 1, 16),
(1630, 'Bordj El Kiffan', 1, 1, 16),
(1631, 'El Magharia', 1, 0, 16),
(1632, 'Beni Messous', 1, 0, 16),
(1633, 'Les Eucalyptus', 1, 1, 16),
(1634, 'Birtouta', 1, 1, 16),
(1635, 'Tessala El Merdja', 1, 0, 16),
(1636, 'Ouled Chebel', 1, 0, 16),
(1637, 'Sidi Moussa', 1, 0, 16),
(1638, 'Aïn Taya', 1, 0, 16),
(1639, 'Bordj El Bahri', 1, 1, 16),
(1640, 'El Marsa', 1, 0, 16),
(1641, 'H\'raoua', 1, 0, 16),
(1642, 'Rouïba', 1, 1, 16),
(1643, 'Reghaïa', 1, 1, 16),
(1644, 'Aïn Benian', 1, 1, 16),
(1645, 'Staoueli', 1, 0, 16),
(1646, 'Zeralda', 1, 1, 16),
(1647, 'Mahelma', 1, 1, 16),
(1648, 'Rahmania', 1, 0, 16),
(1649, 'Souidania', 1, 0, 16),
(1650, 'Cheraga', 1, 1, 16),
(1651, 'Ouled Fayet', 1, 1, 16),
(1652, 'El Achour', 1, 0, 16),
(1653, 'Draria', 1, 1, 16),
(1654, 'Douera', 1, 1, 16),
(1655, 'Baba Hassen', 1, 0, 16),
(1656, 'Khraicia', 1, 0, 16),
(1657, 'Saoula', 1, 0, 16),
(1701, 'Aïn Chouhada', 0, 0, 17),
(1702, 'Aïn El Ibel', 1, 0, 17),
(1703, 'Aïn Feka', 1, 0, 17),
(1704, 'Aïn Maabed', 1, 0, 17),
(1705, 'Aïn Oussara', 1, 1, 17),
(1706, 'Amourah', 0, 0, 17),
(1707, 'Benhar', 1, 0, 17),
(1708, 'Beni Yagoub', 1, 0, 17),
(1709, 'Birine', 1, 0, 17),
(1710, 'Bouira Lahdab', 1, 0, 17),
(1711, 'Charef', 1, 0, 17),
(1712, 'Dar Chioukh', 1, 0, 17),
(1713, 'Deldoul', 1, 0, 17),
(1714, 'Djelfa', 1, 1, 17),
(1715, 'Douis', 1, 0, 17),
(1716, 'El Guedid', 1, 0, 17),
(1717, 'El Idrissia', 1, 0, 17),
(1718, 'El Khemis', 1, 0, 17),
(1719, 'Faidh El Botma', 0, 0, 17),
(1720, 'Guernini', 0, 0, 17),
(1721, 'Guettara', 0, 0, 17),
(1722, 'Had Sahary', 1, 0, 17),
(1723, 'Hassi Bahbah', 1, 0, 17),
(1724, 'Hassi El Euch', 1, 0, 17),
(1725, 'Hassi Fedoul', 1, 0, 17),
(1726, 'Messaad', 1, 0, 17),
(1727, 'M\'Liliha', 0, 0, 17),
(1728, 'Moudjebara', 1, 0, 17),
(1729, 'Oum Laadham', 0, 0, 17),
(1730, 'Sed Rahal', 0, 0, 17),
(1731, 'Selmana', 0, 0, 17),
(1732, 'Sidi Baizid', 0, 0, 17),
(1733, 'Sidi Ladjel', 1, 0, 17),
(1734, 'Tadmit', 0, 0, 17),
(1735, 'Zaafrane', 0, 0, 17),
(1736, 'Zaccar', 1, 0, 17),
(1801, 'Jijel', 1, 1, 18),
(1802, 'Eraguene', 1, 0, 18),
(1803, 'El Aouana', 1, 0, 18),
(1804, 'Ziama Mansouriah', 1, 0, 18),
(1805, 'Taher', 1, 1, 18),
(1806, 'Emir Abdelkader', 1, 0, 18),
(1807, 'Chekfa', 1, 0, 18),
(1808, 'Chahna', 1, 0, 18),
(1809, 'El Milia', 1, 1, 18),
(1810, 'Sidi Maarouf', 1, 0, 18),
(1811, 'Settara', 1, 0, 18),
(1812, 'El Ancer', 1, 0, 18),
(1813, 'Sidi Abdelaziz', 1, 0, 18),
(1814, 'Kaous', 1, 1, 18),
(1815, 'Ghebala', 1, 0, 18),
(1816, 'Bouraoui Belhadef', 1, 0, 18),
(1817, 'Djimla', 1, 0, 18),
(1818, 'Selma Benziada', 0, 0, 18),
(1819, 'Boucif Ouled Askeur', 0, 0, 18),
(1820, 'El Kennar Nouchfi', 1, 0, 18),
(1821, 'Ouled Yahia Khedrouche', 1, 0, 18),
(1822, 'Boudriaa Ben Yadjis', 1, 0, 18),
(1823, 'Kheïri Oued Adjoul', 1, 0, 18),
(1824, 'Texenna', 1, 0, 18),
(1825, 'Djemaa Beni Habibi', 1, 0, 18),
(1826, 'Bordj Tahar', 1, 0, 18),
(1827, 'Ouled Rabah', 1, 0, 18),
(1828, 'Ouadjana', 1, 0, 18),
(1901, 'Aïn Abessa', 1, 0, 19),
(1902, 'Aïn Arnat', 1, 1, 19),
(1903, 'Aïn Azel', 1, 0, 19),
(1904, 'Aïn El Kebira', 1, 0, 19),
(1905, 'Aïn Lahdjar', 1, 0, 19),
(1906, 'Aïn Legradj', 1, 0, 19),
(1907, 'Aïn Oulmene', 1, 1, 19),
(1908, 'Aïn Roua', 1, 0, 19),
(1909, 'Aïn Sebt', 1, 0, 19),
(1910, 'Aït Naoual Mezada', 1, 0, 19),
(1911, 'Aït Tizi', 1, 0, 19),
(1912, 'Aït Wertilan', 1, 0, 19),
(1913, 'Amoucha', 1, 0, 19),
(1914, 'Babor', 1, 0, 19),
(1915, 'Bazer Sakhra', 1, 0, 19),
(1916, 'Beidha Bordj', 1, 0, 19),
(1917, 'Belaa', 1, 0, 19),
(1918, 'Beni Aziz', 1, 0, 19),
(1919, 'Beni Chebana', 1, 0, 19),
(1920, 'Beni Fouda', 1, 0, 19),
(1921, 'Beni Hocine', 1, 0, 19),
(1922, 'Beni Mouhli', 1, 0, 19),
(1923, 'Bir El Arch', 1, 0, 19),
(1924, 'Bir Haddada', 1, 0, 19),
(1925, 'Bouandas', 1, 0, 19),
(1926, 'Bougaa', 1, 1, 19),
(1927, 'Bousselam', 1, 0, 19),
(1928, 'Boutaleb', 1, 0, 19),
(1929, 'Dehamcha', 1, 0, 19),
(1930, 'Djemila', 1, 0, 19),
(1931, 'Draa Kebila', 1, 0, 19),
(1932, 'El Eulma', 1, 1, 19),
(1933, 'El Ouldja', 1, 0, 19),
(1934, 'El Ouricia', 1, 0, 19),
(1935, 'Guellal', 1, 0, 19),
(1936, 'Guelta Zerka', 1, 0, 19),
(1937, 'Guenzet', 1, 0, 19),
(1938, 'Guidjel', 1, 0, 19),
(1939, 'Hamma', 1, 0, 19),
(1940, 'Hammam Guergour', 1, 0, 19),
(1941, 'Hammam Soukhna', 1, 0, 19),
(1942, 'Harbil', 1, 0, 19),
(1943, 'Ksar El Abtal', 1, 0, 19),
(1944, 'Maaouia', 1, 0, 19),
(1945, 'Maoklane', 1, 0, 19),
(1946, 'Mezloug', 1, 0, 19),
(1947, 'Oued El Barad', 1, 0, 19),
(1948, 'Ouled Addouane', 1, 0, 19),
(1949, 'Ouled Sabor', 1, 1, 19),
(1950, 'Ouled Si Ahmed', 1, 0, 19),
(1951, 'Ouled Tebben', 1, 0, 19),
(1952, 'Rasfa', 1, 0, 19),
(1953, 'Salah Bey', 1, 0, 19),
(1954, 'Serdj El Ghoul', 1, 0, 19),
(1955, 'Sétif', 1, 1, 19),
(1956, 'Tachouda', 1, 0, 19),
(1957, 'Talaifacene', 1, 0, 19),
(1958, 'Taya', 1, 0, 19),
(1959, 'Tella', 1, 0, 19),
(1960, 'Tizi N\'Bechar', 1, 0, 19),
(2001, 'Aïn El Hadjar', 1, 0, 20),
(2002, 'Aïn Sekhouna', 0, 0, 20),
(2003, 'Aïn Soltane', 1, 0, 20),
(2004, 'Doui Thabet', 1, 0, 20),
(2005, 'El Hassasna', 1, 0, 20),
(2006, 'Hounet', 0, 0, 20),
(2007, 'Maamora', 1, 0, 20),
(2008, 'Moulay Larbi', 1, 0, 20),
(2009, 'Ouled Brahim', 1, 0, 20),
(2010, 'Ouled Khaled', 1, 0, 20),
(2011, 'Saïda', 1, 1, 20),
(2012, 'Sidi Ahmed', 1, 0, 20),
(2013, 'Sidi Amar', 1, 0, 20),
(2014, 'Sidi Boubekeur', 1, 0, 20),
(2015, 'Tircine', 1, 0, 20),
(2016, 'Youb', 1, 0, 20),
(2101, 'Aïn Bouziane', 1, 0, 21),
(2102, 'Aïn Charchar', 1, 0, 21),
(2103, 'Aïn Kechra', 1, 0, 21),
(2104, 'Aïn Zouit', 1, 0, 21),
(2105, 'Azzaba', 1, 1, 21),
(2106, 'Bekkouche Lakhdar', 1, 0, 21),
(2107, 'Bin El Ouiden', 1, 0, 21),
(2108, 'Ben Azzouz', 1, 0, 21),
(2109, 'Beni Bechir', 1, 0, 21),
(2110, 'Beni Oulbane', 1, 0, 21),
(2111, 'Beni Zid', 1, 0, 21),
(2112, 'Bouchtata', 1, 0, 21),
(2113, 'Cheraia', 1, 0, 21),
(2114, 'Collo', 1, 1, 21),
(2115, 'Djendel Saadi Mohamed', 1, 0, 21),
(2116, 'El Ghedir', 1, 0, 21),
(2117, 'El Hadaiek', 1, 0, 21),
(2118, 'El Harrouch', 1, 1, 21),
(2119, 'El Marsa', 1, 0, 21),
(2120, 'Emdjez Edchich', 1, 0, 21),
(2121, 'Es Sebt', 1, 0, 21),
(2122, 'Filfila', 1, 0, 21),
(2123, 'Hamadi Krouma', 1, 0, 21),
(2124, 'Kanoua', 1, 0, 21),
(2125, 'Kerkera', 1, 0, 21),
(2126, 'Kheneg Mayoum', 1, 0, 21),
(2127, 'Oued Zehour', 1, 0, 21),
(2128, 'Ouldja Boulballout', 1, 0, 21),
(2129, 'Ouled Attia', 1, 0, 21),
(2130, 'Ouled Hbaba', 1, 0, 21),
(2131, 'Oum Toub', 1, 0, 21),
(2132, 'Ramdane Djamel', 1, 0, 21),
(2133, 'Salah Bouchaour', 1, 0, 21),
(2134, 'Sidi Mezghiche', 1, 0, 21),
(2135, 'Skikda', 1, 1, 21),
(2136, 'Tamalous', 1, 0, 21),
(2137, 'Zerdaza', 1, 0, 21),
(2138, 'Zitouna', 1, 0, 21),
(2201, 'Aïn Adden', 1, 0, 22),
(2202, 'Aïn El Berd', 1, 0, 22),
(2203, 'Aïn Kada', 1, 0, 22),
(2204, 'Aïn Thrid', 1, 0, 22),
(2205, 'Aïn Tindamine', 1, 0, 22),
(2206, 'Amarnas', 1, 0, 22),
(2207, 'Badredine El Mokrani', 1, 0, 22),
(2208, 'Belarbi', 1, 0, 22),
(2209, 'Ben Badis', 1, 0, 22),
(2210, 'Benachiba Chelia', 1, 0, 22),
(2211, 'Bir El Hammam', 1, 0, 22),
(2212, 'Boudjebaa El Bordj', 1, 0, 22),
(2213, 'Boukhanafis', 1, 0, 22),
(2214, 'Chettouane Belaila', 1, 0, 22),
(2215, 'Dhaya', 1, 0, 22),
(2216, 'El Haçaiba', 1, 0, 22),
(2217, 'Hassi Dahou', 1, 0, 22),
(2218, 'Hassi Zehana', 1, 0, 22),
(2219, 'Lamtar', 1, 0, 22),
(2220, 'Makedra', 1, 0, 22),
(2221, 'Marhoum', 1, 0, 22),
(2222, 'M\'Cid', 1, 0, 22),
(2223, 'Merine', 1, 0, 22),
(2224, 'Mezaourou', 1, 0, 22),
(2225, 'Mostefa Ben Brahim', 1, 0, 22),
(2226, 'Moulay Slissen', 1, 0, 22),
(2227, 'Oued Sebaa', 1, 0, 22),
(2228, 'Oued Sefioun', 1, 0, 22),
(2229, 'Oued Taourira', 1, 0, 22),
(2230, 'Ras El Ma', 1, 0, 22),
(2231, 'Redjem Demouche', 1, 0, 22),
(2232, 'Sehala Thaoura', 1, 0, 22),
(2233, 'Sfisef', 1, 0, 22),
(2234, 'Sidi Ali Benyoub', 1, 0, 22),
(2235, 'Sidi Ali Boussidi', 1, 0, 22),
(2236, 'Sidi Bel Abbes', 1, 1, 22),
(2237, 'Sidi Brahim', 1, 0, 22),
(2238, 'Sidi Chaib', 1, 0, 22),
(2239, 'Sidi Daho des Zairs', 1, 0, 22),
(2240, 'Sidi Hamadouche', 1, 0, 22),
(2241, 'Sidi Khaled', 1, 0, 22),
(2242, 'Sidi Lahcene', 1, 0, 22),
(2243, 'Sidi Yacoub', 1, 0, 22),
(2244, 'Tabia', 1, 0, 22),
(2245, 'Tafissour', 1, 0, 22),
(2246, 'Taoudmout', 1, 0, 22),
(2247, 'Teghalimet', 1, 0, 22),
(2248, 'Telagh', 1, 0, 22),
(2249, 'Tenira', 1, 0, 22),
(2250, 'Tessala', 1, 0, 22),
(2251, 'Tilmouni', 1, 0, 22),
(2252, 'Zerouala', 1, 0, 22),
(2301, 'Annaba', 1, 1, 23),
(2302, 'Berrahal', 1, 0, 23),
(2303, 'El Hadjar', 1, 0, 23),
(2304, 'Eulma', 1, 0, 23),
(2305, 'El Bouni', 1, 1, 23),
(2306, 'Oued El Aneb', 1, 0, 23),
(2307, 'Cheurfa', 1, 0, 23),
(2308, 'Seraïdi', 1, 0, 23),
(2309, 'Aïn Berda', 1, 0, 23),
(2310, 'Chetaïbi', 1, 0, 23),
(2311, 'Sidi Amar', 1, 0, 23),
(2312, 'Treat', 1, 0, 23),
(2401, 'Aïn Ben Beida', 1, 0, 24),
(2402, 'Aïn Larbi', 1, 0, 24),
(2403, 'Aïn Makhlouf', 1, 0, 24),
(2404, 'Aïn Reggada', 1, 0, 24),
(2405, 'Aïn Sandel', 1, 0, 24),
(2406, 'Belkheir', 1, 0, 24),
(2407, 'Ben Djerrah', 1, 0, 24),
(2408, 'Beni Mezline', 1, 0, 24),
(2409, 'Bordj Sabath', 1, 0, 24),
(2410, 'Bouhachana', 1, 0, 24),
(2411, 'Bouhamdane', 1, 0, 24),
(2412, 'Bouati Mahmoud', 1, 0, 24),
(2413, 'Bouchegouf', 1, 0, 24),
(2414, 'Boumahra Ahmed', 1, 0, 24),
(2415, 'Dahouara', 1, 0, 24),
(2416, 'Djeballah Khemissi', 1, 0, 24),
(2417, 'El Fedjoudj', 1, 0, 24),
(2418, 'Guellat Bou Sbaa', 1, 0, 24),
(2419, 'Guelma', 1, 1, 24),
(2420, 'Hammam Debagh', 1, 0, 24),
(2421, 'Hammam N\'Bail', 1, 0, 24),
(2422, 'Héliopolis', 1, 0, 24),
(2423, 'Houari Boumédiène', 1, 0, 24),
(2424, 'Khezarra', 1, 0, 24),
(2425, 'Medjez Amar', 1, 0, 24),
(2426, 'Medjez Sfa', 1, 0, 24),
(2427, 'Nechmaya', 1, 0, 24),
(2428, 'Oued Cheham', 1, 0, 24),
(2429, 'Oued Fragha', 1, 0, 24),
(2430, 'Oued Zenati', 1, 1, 24),
(2431, 'Ras El Agba', 1, 0, 24),
(2432, 'Roknia', 1, 0, 24),
(2433, 'Sellaoua Announa', 1, 0, 24),
(2434, 'Tamlouka', 1, 0, 24),
(2501, 'Aïn Abid', 1, 0, 25),
(2502, 'Aïn Smara', 1, 0, 25),
(2503, 'Beni Hamiden', 1, 0, 25),
(2504, 'Constantine', 1, 1, 25),
(2505, 'Didouche Mourad', 1, 1, 25),
(2506, 'El Khroub', 1, 1, 25),
(2507, 'Hamma Bouziane', 1, 0, 25),
(2508, 'Ibn Badis', 1, 0, 25),
(2509, 'Ibn Ziad', 1, 0, 25),
(2510, 'Messaoud Boudjriou', 1, 0, 25),
(2511, 'Ouled Rahmoune', 1, 0, 25),
(2512, 'Zighoud Youcef', 1, 0, 25),
(2601, 'Aïn Boucif', 1, 0, 26),
(2602, 'Aïn Ouksir', 0, 0, 26),
(2603, 'Aissaouia', 1, 0, 26),
(2604, 'Aziz', 1, 0, 26),
(2605, 'Baata', 1, 0, 26),
(2606, 'Benchicao', 1, 0, 26),
(2607, 'Beni Slimane', 1, 1, 26),
(2608, 'Berrouaghia', 1, 0, 26),
(2609, 'Bir Ben Laabed', 1, 0, 26),
(2610, 'Boghar', 1, 0, 26),
(2611, 'Bou Aiche', 1, 0, 26),
(2612, 'Bouaichoune', 1, 0, 26),
(2613, 'Bouchrahil', 1, 0, 26),
(2614, 'Boughezoul', 1, 0, 26),
(2615, 'Bouskene', 1, 0, 26),
(2616, 'Chahbounia', 1, 0, 26),
(2617, 'Chellalet El Adhaoura', 1, 0, 26),
(2618, 'Cheniguel', 0, 0, 26),
(2619, 'Derrag', 1, 0, 26),
(2620, 'Deux Bassins', 1, 0, 26),
(2621, 'Djouab', 1, 0, 26),
(2622, 'Draa Essamar', 1, 0, 26),
(2623, 'El Azizia', 1, 0, 26),
(2624, 'El Guelb El Kebir', 1, 0, 26),
(2625, 'El Hamdania', 1, 0, 26),
(2626, 'El Omaria', 1, 0, 26),
(2627, 'El Ouinet', 1, 0, 26),
(2628, 'Hannacha', 1, 0, 26),
(2629, 'Kef Lakhdar', 1, 0, 26),
(2630, 'Khams Djouamaa', 1, 0, 26),
(2631, 'Ksar Boukhari', 1, 0, 26),
(2632, 'Meghraoua', 1, 0, 26),
(2633, 'Médéa', 1, 1, 26),
(2634, 'Moudjbar', 1, 0, 26),
(2635, 'Meftaha', 1, 0, 26),
(2636, 'Mezerana', 1, 0, 26),
(2637, 'Mihoub', 1, 0, 26),
(2638, 'Ouamri', 1, 0, 26),
(2639, 'Oued Harbil', 1, 0, 26),
(2640, 'Ouled Antar', 1, 0, 26),
(2641, 'Ouled Bouachra', 1, 0, 26),
(2642, 'Ouled Brahim', 1, 0, 26),
(2643, 'Ouled Deide', 1, 0, 26),
(2644, 'Ouled Hellal', 1, 0, 26),
(2645, 'Ouled Maaref', 1, 0, 26),
(2646, 'Oum El Djalil', 1, 0, 26),
(2647, 'Ouzera', 1, 0, 26),
(2648, 'Rebaia', 1, 0, 26),
(2649, 'Saneg', 1, 0, 26),
(2650, 'Sedraia', 1, 0, 26),
(2651, 'Seghouane', 1, 0, 26),
(2652, 'Si Mahdjoub', 1, 0, 26),
(2653, 'Sidi Damed', 1, 0, 26),
(2654, 'Sidi Errabia', 1, 0, 26),
(2655, 'Sidi Naamanez', 1, 0, 26),
(2656, 'Sidi Zahar', 1, 0, 26),
(2657, 'Sidi Ziane', 1, 0, 26),
(2658, 'Souagui', 1, 0, 26),
(2659, 'Tablat', 1, 1, 26),
(2660, 'Tafraout', 1, 0, 26),
(2661, 'Tamesguida', 1, 0, 26),
(2662, 'Tizi Mahdi', 1, 0, 26),
(2663, 'Tlatet Eddouar', 1, 0, 26),
(2664, 'Zoubiria', 1, 0, 26),
(2701, 'Abdelmalek Ramdane', 1, 0, 27),
(2702, 'Achaacha', 1, 0, 27),
(2703, 'Aïn Boudinar', 1, 0, 27),
(2704, 'Aïn Nouissy', 1, 0, 27),
(2705, 'Aïn Sidi Cherif', 1, 0, 27),
(2706, 'Aïn Tedles', 1, 0, 27),
(2707, 'Blad Touahria', 1, 0, 27),
(2708, 'Bouguirat', 1, 0, 27),
(2709, 'El Hassaine', 1, 0, 27),
(2710, 'Fornaka', 1, 0, 27),
(2711, 'Hadjadj', 1, 0, 27),
(2712, 'Hassi Mameche', 1, 0, 27),
(2713, 'Khadra', 1, 0, 27),
(2714, 'Kheireddine', 1, 0, 27),
(2715, 'Mansourah', 1, 0, 27),
(2716, 'Mesra', 1, 0, 27),
(2717, 'Mazagran', 1, 0, 27),
(2718, 'Mostaganem', 1, 1, 27),
(2719, 'Nekmaria', 1, 0, 27),
(2720, 'Oued El Kheir', 1, 0, 27),
(2721, 'Ouled Boughalem', 1, 0, 27),
(2722, 'Ouled Maallah', 0, 0, 27),
(2723, 'Safsaf', 1, 0, 27),
(2724, 'Sayada', 1, 0, 27),
(2725, 'Sidi Ali', 1, 0, 27),
(2726, 'Sidi Belattar', 0, 0, 27),
(2727, 'Sidi Lakhdar', 1, 0, 27),
(2728, 'Sirat', 1, 0, 27),
(2729, 'Souaflia', 1, 0, 27),
(2730, 'Sour', 1, 0, 27),
(2731, 'Stidia', 1, 0, 27),
(2732, 'Tazgait', 1, 0, 27),
(2801, 'Aïn El Hadjel', 1, 0, 28),
(2802, 'Aïn El Melh', 1, 0, 28),
(2803, 'Aïn Errich', 1, 0, 28),
(2804, 'Aïn Fares', 1, 0, 28),
(2805, 'Aïn Khadra', 1, 0, 28),
(2806, 'Belaiba', 1, 0, 28),
(2807, 'Ben Srour', 1, 0, 28),
(2808, 'Beni Ilmane', 1, 0, 28),
(2809, 'Benzouh', 1, 0, 28),
(2810, 'Berhoum', 1, 1, 28),
(2811, 'Bir Foda', 1, 0, 28),
(2812, 'Bou Saâda', 1, 1, 28),
(2813, 'Bouti Sayah', 1, 0, 28),
(2814, 'Chellal', 1, 0, 28),
(2815, 'Dehahna', 1, 0, 28),
(2816, 'Djebel Messaad', 1, 0, 28),
(2817, 'El Hamel', 1, 0, 28),
(2818, 'El Houamed', 1, 0, 28),
(2819, 'Hammam Dhalaa', 1, 0, 28),
(2820, 'Khettouti Sed El Djir', 1, 0, 28),
(2821, 'Khoubana', 1, 0, 28),
(2822, 'Maadid', 1, 0, 28),
(2823, 'Maarif', 1, 0, 28),
(2824, 'Magra', 1, 0, 28),
(2825, 'M\'Cif', 1, 0, 28),
(2826, 'Medjedel', 1, 0, 28),
(2827, 'Mohammed Boudiaf', 1, 0, 28),
(2828, 'M\'Sila', 1, 1, 28),
(2829, 'M\'Tarfa', 1, 0, 28),
(2830, 'Ouanougha', 1, 0, 28),
(2831, 'Ouled Addi Guebala', 1, 0, 28),
(2832, 'Ouled Atia', 1, 0, 28),
(2833, 'Ouled Derradj', 1, 0, 28),
(2834, 'Ouled Madhi', 1, 0, 28),
(2835, 'Ouled Mansour', 1, 0, 28),
(2836, 'Ouled Sidi Brahim', 1, 0, 28),
(2837, 'Ouled Slimane', 1, 0, 28),
(2838, 'Oultem', 1, 0, 28),
(2839, 'Sidi Aïssa', 1, 1, 28),
(2840, 'Sidi Ameur', 1, 0, 28),
(2841, 'Sidi Hadjeres', 1, 0, 28),
(2842, 'Sidi M\'Hamed', 1, 0, 28),
(2843, 'Slim', 1, 0, 28),
(2844, 'Souamaa', 1, 0, 28),
(2845, 'Tamsa', 1, 0, 28),
(2846, 'Tarmount', 1, 0, 28),
(2847, 'Zarzour', 1, 0, 28),
(2901, 'Aïn Fares', 1, 0, 29),
(2902, 'Aïn Fekan', 1, 0, 29),
(2903, 'Aïn Ferah', 1, 0, 29),
(2904, 'Aïn Fras', 1, 0, 29),
(2905, 'Alaïmia', 1, 0, 29),
(2906, 'Aouf', 1, 0, 29),
(2907, 'Beniane', 1, 0, 29),
(2908, 'Bou Hanifia', 1, 0, 29),
(2909, 'Bou Henni', 1, 0, 29),
(2910, 'Chorfa', 1, 0, 29),
(2911, 'El Bordj', 1, 0, 29),
(2912, 'El Gaada', 1, 0, 29),
(2913, 'El Ghomri', 1, 0, 29),
(2914, 'El Guettana', 1, 0, 29),
(2915, 'El Keurt', 1, 0, 29),
(2916, 'El Menaouer', 1, 0, 29),
(2917, 'Ferraguig', 1, 0, 29),
(2918, 'Froha', 1, 0, 29),
(2919, 'Gharrous', 1, 0, 29),
(2920, 'Guerdjoum', 1, 0, 29),
(2921, 'Ghriss', 1, 0, 29),
(2922, 'Hachem', 1, 0, 29),
(2923, 'Hacine', 1, 0, 29),
(2924, 'Khalouia', 1, 0, 29),
(2925, 'Makdha', 1, 0, 29),
(2926, 'Mamounia', 1, 0, 29),
(2927, 'Maoussa', 1, 0, 29),
(2928, 'Mascara', 1, 1, 29),
(2929, 'Matemore', 1, 0, 29),
(2930, 'Mocta Douz', 1, 0, 29),
(2931, 'Mohammadia', 1, 0, 29),
(2932, 'Nesmoth', 1, 0, 29),
(2933, 'Oggaz', 1, 0, 29),
(2934, 'Oued El Abtal', 1, 0, 29),
(2935, 'Oued Taria', 1, 0, 29),
(2936, 'Ras El Aïn Amirouche', 1, 0, 29),
(2937, 'Sedjerara', 1, 0, 29),
(2938, 'Sehailia', 1, 0, 29),
(2939, 'Sidi Abdeldjebar', 1, 0, 29),
(2940, 'Sidi Abdelmoumen', 1, 0, 29),
(2941, 'Sidi Kada', 1, 0, 29),
(2942, 'Sidi Boussaid', 1, 0, 29),
(2943, 'Sig', 1, 0, 29),
(2944, 'Tighennif', 1, 0, 29),
(2945, 'Tizi', 1, 0, 29),
(2946, 'Zahana', 1, 0, 29),
(2947, 'Zelmata', 1, 0, 29),
(3001, 'Aïn Beida', 1, 0, 30),
(3007, 'Hassi Ben Abdellah', 1, 0, 30),
(3008, 'Hassi Messaoud', 1, 1, 30),
(3012, 'N\'Goussa', 1, 0, 30),
(3013, 'Ouargla', 1, 1, 30),
(3014, 'Rouissat', 1, 0, 30),
(3015, 'Sidi Khouiled', 1, 0, 30),
(3101, 'Oran', 1, 1, 31),
(3102, 'Gdyel', 1, 0, 31),
(3103, 'Bir El Djir', 1, 1, 31),
(3104, 'Hassi Bounif', 1, 0, 31),
(3105, 'Es Senia', 1, 0, 31),
(3106, 'Arzew', 1, 1, 31),
(3107, 'Bethioua', 1, 0, 31),
(3108, 'Marsat El Hadjadj', 1, 0, 31),
(3109, 'Aïn El Turk', 1, 0, 31),
(3110, 'El Ançor', 1, 0, 31),
(3111, 'Oued Tlelat', 1, 0, 31),
(3112, 'Tafraoui', 1, 0, 31),
(3113, 'Sidi Chami', 1, 0, 31),
(3114, 'Boufatis', 1, 0, 31),
(3115, 'Mers El Kébir', 1, 0, 31),
(3116, 'Bou Sfer', 1, 0, 31),
(3117, 'El Kerma', 1, 0, 31),
(3118, 'El Braya', 1, 0, 31),
(3119, 'Hassi Ben Okba', 1, 0, 31),
(3120, 'Ben Freha', 1, 0, 31),
(3121, 'Hassi Mefsoukh', 1, 0, 31),
(3122, 'Sidi Benyebka', 1, 0, 31),
(3123, 'Misserghin', 1, 0, 31),
(3124, 'Boutlelis', 1, 0, 31),
(3125, 'Aïn El Kerma', 1, 0, 31),
(3126, 'Aïn El Bia', 1, 0, 31),
(3201, 'El Bayadh', 1, 1, 32),
(3202, 'Rogassa', 1, 0, 32),
(3203, 'Stitten', 1, 0, 32),
(3204, 'Brezina', 1, 0, 32),
(3205, 'Ghassoul', 1, 0, 32),
(3206, 'Boualem', 1, 0, 32),
(3207, 'El Abiodh Sidi Cheikh', 1, 0, 32),
(3208, 'Aïn El Orak', 1, 0, 32),
(3209, 'Arbaouat', 1, 0, 32),
(3210, 'Bougtoub', 1, 0, 32),
(3211, 'El Kheiter', 1, 0, 32),
(3212, 'Kef El Ahmar', 1, 0, 32),
(3213, 'Boussemghoun', 1, 0, 32),
(3214, 'Chellala', 1, 0, 32),
(3215, 'Kraakda', 0, 0, 32),
(3216, 'El Bnoud', 0, 0, 32),
(3217, 'Cheguig', 0, 0, 32),
(3218, 'Sidi Ameur', 0, 0, 32),
(3219, 'El Mehara', 1, 0, 32),
(3220, 'Tousmouline', 0, 0, 32),
(3221, 'Sidi Slimane', 0, 0, 32),
(3222, 'Sidi Tifour', 1, 0, 32),
(3301, 'Illizi', 1, 1, 33),
(3303, 'Debdeb', 0, 0, 33),
(3304, 'Bordj Omar Driss', 0, 0, 33),
(3306, 'In Amenas', 1, 1, 33),
(3401, 'Aïn Taghrout', 1, 0, 34),
(3402, 'Aïn Tesra', 1, 0, 34),
(3403, 'Belimour', 1, 0, 34),
(3404, 'Ben Daoud', 1, 0, 34),
(3405, 'Bir Kasdali', 1, 0, 34),
(3406, 'Bordj Bou Arreridj', 1, 1, 34),
(3407, 'Bordj Ghédir', 1, 0, 34),
(3408, 'Bordj Zemoura', 1, 0, 34),
(3409, 'Colla', 1, 0, 34),
(3410, 'Djaafra', 1, 0, 34),
(3411, 'El Ach', 1, 0, 34),
(3412, 'El Achir', 1, 0, 34),
(3413, 'El Anseur', 1, 0, 34),
(3414, 'El Hamadia', 1, 0, 34),
(3415, 'El Main', 1, 0, 34),
(3416, 'El M\'hir', 1, 0, 34),
(3417, 'Ghilassa', 1, 0, 34),
(3418, 'Haraza', 1, 0, 34),
(3419, 'Hasnaoua', 1, 0, 34),
(3420, 'Khelil', 1, 0, 34),
(3421, 'Ksour', 1, 0, 34),
(3422, 'Mansoura', 1, 0, 34),
(3423, 'Medjana', 1, 0, 34),
(3424, 'Ouled Brahem', 1, 0, 34),
(3425, 'Ouled Dahmane', 1, 0, 34),
(3426, 'Ouled Sidi Brahim', 1, 0, 34),
(3427, 'Rabta', 1, 0, 34),
(3428, 'Ras El Oued', 1, 0, 34),
(3429, 'Sidi Embarek', 1, 0, 34),
(3430, 'Tefreg', 1, 0, 34),
(3431, 'Taglait', 1, 0, 34),
(3432, 'Teniet En Nasr', 1, 0, 34),
(3433, 'Tassameurt', 1, 0, 34),
(3434, 'Tixter', 1, 0, 34),
(3501, 'Boumerdes', 1, 1, 35),
(3502, 'Boudouaou', 1, 1, 35),
(3504, 'Afir', 1, 0, 35),
(3505, 'Bordj Menaiel', 1, 1, 35),
(3506, 'Baghlia', 1, 0, 35),
(3507, 'Sidi Daoud', 1, 0, 35),
(3508, 'Naciria', 1, 0, 35),
(3509, 'Djinet', 1, 0, 35),
(3510, 'Issers', 1, 0, 35),
(3511, 'Zemmouri', 1, 0, 35),
(3512, 'Si Mustapha', 1, 0, 35),
(3513, 'Tidjelabine', 1, 0, 35),
(3514, 'Chabet el Ameur', 1, 0, 35),
(3515, 'Thenia', 1, 0, 35),
(3518, 'Timezrit', 1, 0, 35),
(3519, 'Corso', 1, 0, 35),
(3520, 'Ouled Moussa', 1, 0, 35),
(3521, 'Larbatache', 1, 0, 35),
(3522, 'Bouzegza Keddara', 1, 0, 35),
(3525, 'Taourga', 1, 0, 35),
(3526, 'Ouled Aissa', 1, 0, 35),
(3527, 'Ben Choud', 1, 0, 35),
(3528, 'Dellys', 1, 0, 35),
(3529, 'Ammal', 1, 0, 35),
(3530, 'Beni Amrane', 1, 0, 35),
(3531, 'Souk El Had', 1, 0, 35),
(3532, 'Boudouaou El Bahri', 1, 0, 35),
(3533, 'Ouled Hedadj', 1, 0, 35),
(3535, 'Leghata', 1, 0, 35),
(3536, 'Hammedi', 1, 1, 35),
(3537, 'Khemis El Khechna', 1, 0, 35),
(3538, 'El Kharrouba', 1, 0, 35),
(3601, 'Aïn El Assel', 1, 0, 36),
(3602, 'Aïn Kerma', 1, 0, 36),
(3603, 'Asfour', 1, 0, 36),
(3604, 'Ben Mehidi', 1, 0, 36),
(3605, 'Berrihane', 1, 0, 36),
(3606, 'Besbes', 1, 0, 36),
(3607, 'Bougous', 1, 0, 36),
(3608, 'Bouhadjar', 1, 0, 36),
(3609, 'Bouteldja', 1, 0, 36),
(3610, 'Chebaita Mokhtar', 1, 0, 36),
(3611, 'Chefia', 1, 0, 36),
(3612, 'Chihani', 1, 0, 36),
(3613, 'Dréan', 1, 1, 36),
(3614, 'Echatt', 1, 0, 36),
(3615, 'El Aioun', 1, 0, 36),
(3616, 'El Kala', 1, 0, 36),
(3617, 'El Tarf', 1, 1, 36),
(3618, 'Hammam Beni Salah', 1, 0, 36),
(3619, 'Lac des Oiseaux', 1, 0, 36),
(3620, 'Oued Zitoun', 1, 0, 36),
(3621, 'Raml Souk', 1, 0, 36),
(3622, 'Souarekh', 1, 0, 36),
(3623, 'Zerizer', 1, 0, 36),
(3624, 'Zitouna', 1, 0, 36),
(3701, 'Oum el Assel', 0, 0, 37),
(3702, 'Tindouf', 1, 1, 37),
(3801, 'Ammari', 1, 0, 38),
(3802, 'Beni Chaib', 0, 0, 38),
(3803, 'Beni Lahcene', 0, 0, 38),
(3804, 'Boucaid', 1, 0, 38),
(3805, 'Bordj Bou Naama', 1, 0, 38),
(3806, 'Bordj El Emir Abdelkader', 1, 0, 38),
(3807, 'Khemisti', 1, 0, 38),
(3808, 'Larbaa', 0, 0, 38),
(3809, 'Lardjem', 1, 0, 38),
(3810, 'Layoune', 1, 0, 38),
(3811, 'Lazharia', 1, 0, 38),
(3812, 'Maacem', 1, 0, 38),
(3813, 'Melaab', 1, 0, 38),
(3814, 'Ouled Bessem', 1, 0, 38),
(3815, 'Sidi Abed', 0, 0, 38),
(3816, 'Sidi Boutouchent', 0, 0, 38),
(3817, 'Sidi Lantri', 1, 0, 38),
(3818, 'Sidi Slimane', 1, 0, 38),
(3819, 'Tamalaht', 1, 0, 38),
(3820, 'Theniet El Had', 1, 0, 38),
(3821, 'Tissemsilt', 1, 1, 38),
(3822, 'Youssoufia', 1, 0, 38),
(3901, 'El Oued', 1, 1, 39),
(3902, 'Robbah', 1, 0, 39),
(3903, 'Oued El Alenda', 1, 0, 39),
(3904, 'Bayadha', 1, 0, 39),
(3905, 'Nakhla', 1, 0, 39),
(3906, 'Guemar', 1, 0, 39),
(3907, 'Kouinine', 1, 0, 39),
(3908, 'Reguiba', 1, 0, 39),
(3909, 'Hamraia', 1, 0, 39),
(3910, 'Taghzout', 1, 0, 39),
(3911, 'Debila', 1, 0, 39),
(3912, 'Hassani Abdelkrim', 1, 0, 39),
(3913, 'Hassi Khalifa', 1, 0, 39),
(3914, 'Taleb Larbi', 1, 0, 39),
(3915, 'Douar El Ma', 1, 0, 39),
(3916, 'Sidi Aoun', 1, 0, 39),
(3917, 'Trifaoui', 1, 0, 39),
(3918, 'Magrane', 1, 0, 39),
(3919, 'Beni Guecha', 1, 0, 39),
(3920, 'Ourmas', 1, 0, 39),
(3925, 'El Ogla', 1, 0, 39),
(3926, 'Mih Ouansa', 1, 0, 39),
(4001, 'Aïn Touila', 1, 0, 40),
(4002, 'Babar', 1, 0, 40),
(4003, 'Baghai', 1, 0, 40),
(4004, 'Bouhmama', 1, 0, 40),
(4005, 'Chechar', 1, 0, 40),
(4006, 'Chelia', 1, 0, 40),
(4007, 'Djellal', 0, 0, 40),
(4008, 'El Hamma', 1, 0, 40),
(4009, 'El Mahmal', 1, 0, 40),
(4010, 'El Oueldja', 1, 0, 40),
(4011, 'Ensigha', 1, 0, 40),
(4012, 'Kais', 1, 0, 40),
(4013, 'Khenchela', 1, 1, 40),
(4014, 'Khirane', 0, 0, 40),
(4015, 'M\'Sara', 1, 0, 40),
(4016, 'M\'Toussa', 1, 0, 40),
(4017, 'Ouled Rechache', 1, 0, 40),
(4018, 'Remila', 1, 0, 40),
(4019, 'Tamza', 1, 0, 40),
(4020, 'Taouzient', 1, 0, 40),
(4021, 'Yabous', 1, 0, 40),
(4101, 'Souk Ahras', 1, 1, 41),
(4102, 'Sedrata', 1, 0, 41),
(4103, 'Hanancha', 1, 0, 41),
(4104, 'Mechroha', 1, 0, 41),
(4105, 'Ouled Driss', 1, 0, 41),
(4106, 'Tiffech', 1, 0, 41),
(4107, 'Zaarouria', 1, 0, 41),
(4108, 'Taoura', 1, 0, 41),
(4109, 'Drea', 1, 0, 41),
(4110, 'Heddada', 1, 0, 41),
(4111, 'Khedara', 1, 0, 41),
(4112, 'Merahna', 1, 0, 41),
(4113, 'Ouled Moumene', 0, 0, 41),
(4114, 'Bir Bou Haouch', 1, 0, 41),
(4115, 'M\'daourouch', 1, 0, 41),
(4116, 'Oum El Adhaim', 0, 0, 41),
(4117, 'Aïn Zana', 1, 0, 41),
(4118, 'Aïn Soltane', 0, 0, 41),
(4119, 'Ouillen', 1, 0, 41),
(4120, 'Sidi Fredj', 1, 0, 41),
(4121, 'Safel El Ouiden', 0, 0, 41),
(4122, 'Ragouba', 1, 0, 41),
(4123, 'Khemissa', 1, 0, 41),
(4124, 'Oued Keberit', 0, 0, 41),
(4125, 'Terraguelt', 0, 0, 41),
(4126, 'Zouabi', 1, 0, 41),
(4201, 'Tipaza', 1, 1, 42),
(4202, 'Menaceur', 1, 0, 42),
(4203, 'Larhat', 1, 0, 42),
(4204, 'Douaouda', 1, 0, 42),
(4205, 'Bourkika', 1, 0, 42),
(4206, 'Khemisti', 1, 0, 42),
(4210, 'Aghbal', 1, 0, 42),
(4212, 'Hadjout', 1, 1, 42),
(4213, 'Sidi Amar', 1, 0, 42),
(4214, 'Gouraya', 1, 0, 42),
(4215, 'Nador', 1, 0, 42),
(4216, 'Chaiba', 1, 0, 42),
(4217, 'Aïn Tagourait', 1, 0, 42),
(4222, 'Cherchell', 1, 1, 42),
(4223, 'Damous', 1, 0, 42),
(4224, 'Merad', 1, 0, 42),
(4225, 'Fouka', 1, 0, 42),
(4226, 'Bou Ismaïl', 1, 0, 42),
(4227, 'Ahmar El Aïn', 1, 0, 42),
(4230, 'Bouharoun', 1, 0, 42),
(4232, 'Sidi Ghiles', 1, 0, 42),
(4233, 'Messelmoun', 1, 0, 42),
(4234, 'Sidi Rached', 1, 0, 42),
(4235, 'Koléa', 1, 1, 42),
(4236, 'Attatba', 1, 0, 42),
(4240, 'Sidi Semiane', 1, 0, 42),
(4241, 'Beni Milleuk', 1, 0, 42),
(4242, 'Hadjeret Ennous', 1, 0, 42),
(4301, 'Ahmed Rachedi', 1, 0, 43),
(4302, 'Aïn Beida Harriche', 1, 0, 43),
(4303, 'Aïn Mellouk', 1, 0, 43),
(4304, 'Aïn Tine', 1, 0, 43),
(4305, 'Amira Arrès', 1, 0, 43),
(4306, 'Benyahia Abderrahmane', 1, 0, 43),
(4307, 'Bouhatem', 1, 0, 43),
(4308, 'Chelghoum Laid', 1, 1, 43),
(4309, 'Chigara', 0, 0, 43),
(4310, 'Derradji Bousselah', 0, 0, 43),
(4311, 'El Mechira', 1, 0, 43),
(4312, 'Elayadi Barbes', 0, 0, 43),
(4313, 'Ferdjioua', 1, 1, 43),
(4314, 'Grarem Gouga', 1, 0, 43),
(4315, 'Hamala', 1, 0, 43),
(4316, 'Mila', 1, 1, 43),
(4317, 'Minar Zarza', 0, 0, 43),
(4318, 'Oued Athmania', 1, 0, 43),
(4319, 'Oued Endja', 1, 0, 43),
(4320, 'Oued Seguen', 1, 0, 43),
(4321, 'Ouled Khalouf', 1, 0, 43),
(4322, 'Rouached', 1, 0, 43),
(4323, 'Sidi Khelifa', 1, 0, 43),
(4324, 'Sidi Merouane', 1, 0, 43),
(4325, 'Tadjenanet', 1, 0, 43),
(4326, 'Tassadane Haddada', 0, 0, 43),
(4327, 'Teleghma', 1, 0, 43),
(4328, 'Terrai Bainen', 0, 0, 43),
(4329, 'Tessala Lemtaï', 0, 0, 43),
(4330, 'Tiberguent', 0, 0, 43),
(4331, 'Yahia Beni Guecha', 1, 0, 43),
(4332, 'Zeghaia', 1, 0, 43),
(4401, 'Aïn Defla', 1, 1, 44),
(4402, 'Aïn Bouyahia', 1, 0, 44),
(4403, 'Aïn Benian', 1, 0, 44),
(4404, 'Aïn Lechiekh', 1, 0, 44),
(4405, 'Aïn Soltane', 1, 0, 44),
(4406, 'Aïn Torki', 1, 0, 44),
(4407, 'Arib', 1, 0, 44),
(4408, 'Bathia', 0, 0, 44),
(4409, 'Belaas', 0, 0, 44),
(4410, 'Ben Allal', 1, 0, 44),
(4411, 'Birbouche', 1, 0, 44),
(4412, 'Bir Ould Khelifa', 1, 0, 44),
(4413, 'Bordj Emir Khaled', 1, 0, 44),
(4414, 'Boumedfaa', 1, 0, 44),
(4415, 'Bourached', 1, 0, 44),
(4416, 'Djelida', 1, 0, 44),
(4417, 'Djemaa Ouled Cheikh', 0, 0, 44),
(4418, 'Djendel', 1, 0, 44),
(4419, 'El Abadia', 1, 0, 44),
(4420, 'El Amra', 1, 0, 44),
(4421, 'El Attaf', 1, 0, 44),
(4422, 'El Hassania', 0, 0, 44),
(4423, 'El Maine', 0, 0, 44),
(4424, 'Hammam Righa', 1, 0, 44),
(4425, 'Hoceinia', 1, 0, 44),
(4426, 'Khemis Miliana', 1, 1, 44),
(4427, 'Mekhatria', 1, 0, 44),
(4428, 'Miliana', 1, 0, 44),
(4429, 'Oued Chorfa', 1, 0, 44),
(4430, 'Oued Djemaa', 1, 0, 44),
(4431, 'Rouina', 1, 0, 44),
(4432, 'Sidi Lakhdar', 1, 0, 44),
(4433, 'Tacheta Zougagha', 1, 0, 44),
(4434, 'Tarik Ibn Ziad', 1, 0, 44),
(4435, 'Tiberkanine', 1, 0, 44),
(4436, 'Zeddine', 1, 0, 44),
(4501, 'Naâma', 1, 0, 45),
(4502, 'Mecheria', 1, 1, 45),
(4503, 'Aïn Sefra', 1, 0, 45),
(4504, 'Tiout', 1, 0, 45),
(4505, 'Sfissifa', 1, 0, 45),
(4506, 'Moghrar', 1, 0, 45),
(4507, 'Assela', 1, 0, 45),
(4508, 'Djeniene Bourezg', 1, 0, 45),
(4509, 'Aïn Ben Khelil', 1, 0, 45),
(4510, 'Makman Ben Amer', 1, 0, 45),
(4511, 'Kasdir', 0, 0, 45),
(4512, 'El Biod', 1, 0, 45),
(4601, 'Aghlal', 1, 0, 46),
(4602, 'Aïn El Arbaa', 1, 0, 46),
(4603, 'Aïn Kihal', 1, 0, 46),
(4604, 'Aïn Témouchent', 1, 1, 46),
(4605, 'Aïn Tolba', 1, 0, 46),
(4606, 'Aoubellil', 1, 0, 46),
(4607, 'Beni Saf', 1, 1, 46),
(4608, 'Bouzedjar', 1, 0, 46),
(4609, 'Chaabat El Leham', 1, 0, 46),
(4610, 'Chentouf', 1, 0, 46),
(4611, 'El Amria', 1, 0, 46),
(4612, 'El Emir Abdelkader', 1, 0, 46),
(4613, 'El Malah', 1, 0, 46),
(4614, 'El Messaid', 1, 0, 46),
(4615, 'Hammam Bouhadjar', 1, 0, 46),
(4616, 'Hassasna', 1, 0, 46),
(4617, 'Hassi El Ghella', 1, 0, 46),
(4618, 'Oued Berkeche', 1, 0, 46),
(4619, 'Oued Sabah', 1, 0, 46),
(4620, 'Ouled Boudjemaa', 1, 0, 46),
(4621, 'Ouled Kihal', 1, 0, 46),
(4622, 'Oulhaça El Gheraba', 1, 0, 46),
(4623, 'Sidi Ben Adda', 1, 0, 46),
(4624, 'Sidi Boumedienne', 1, 0, 46),
(4625, 'Sidi Ouriache', 1, 0, 46),
(4626, 'Sidi Safi', 1, 0, 46),
(4627, 'Tamzoura', 1, 0, 46),
(4628, 'Terga', 1, 0, 46),
(4701, 'Berriane', 1, 0, 47),
(4702, 'Bounoura', 1, 1, 47),
(4703, 'Dhayet Bendhahoua', 1, 0, 47),
(4704, 'El Atteuf', 1, 0, 47),
(4705, 'El Guerrara', 1, 0, 47),
(4707, 'Ghardaïa', 1, 1, 47),
(4710, 'Mansoura', 1, 0, 47),
(4711, 'Metlili', 1, 0, 47),
(4712, 'Sebseb', 1, 0, 47),
(4713, 'Zelfana', 1, 0, 47),
(4801, 'Aïn Rahma', 1, 0, 48),
(4802, 'Aïn Tarek', 1, 0, 48),
(4803, 'Ammi Moussa', 1, 0, 48),
(4804, 'Belassel Bouzegza', 1, 0, 48),
(4805, 'Bendaoud', 1, 0, 48),
(4806, 'Beni Dergoun', 1, 0, 48),
(4807, 'Beni Zentis', 1, 0, 48),
(4808, 'Dar Ben Abdellah', 1, 0, 48),
(4809, 'Djidioua', 1, 0, 48),
(4810, 'El Guettar', 1, 0, 48),
(4811, 'El Hamadna', 1, 0, 48),
(4812, 'El Hassi', 1, 0, 48),
(4813, 'El Matmar', 1, 0, 48),
(4814, 'El Ouldja', 1, 0, 48),
(4815, 'Had Echkalla', 1, 0, 48),
(4816, 'Hamri', 1, 0, 48),
(4817, 'Kalaa', 1, 0, 48),
(4818, 'Lahlef', 1, 0, 48),
(4819, 'Mazouna', 1, 0, 48),
(4820, 'Mediouna', 1, 0, 48),
(4821, 'Mendes', 1, 0, 48),
(4822, 'Merdja Sidi Abed', 1, 0, 48),
(4823, 'Ouarizane', 1, 0, 48),
(4824, 'Oued Essalem', 1, 0, 48),
(4825, 'Oued Rhiou', 1, 0, 48),
(4826, 'Ouled Aiche', 1, 0, 48),
(4827, 'Oued El Djemaa', 1, 0, 48),
(4828, 'Ouled Sidi Mihoub', 1, 0, 48),
(4829, 'Ramka', 1, 0, 48),
(4830, 'Relizane', 1, 1, 48),
(4831, 'Sidi Khettab', 1, 0, 48),
(4832, 'Sidi Lazreg', 1, 0, 48),
(4833, 'Sidi M\'Hamed Ben Ali', 1, 0, 48),
(4834, 'Sidi M\'Hamed Benaouda', 1, 0, 48),
(4835, 'Sidi Saada', 1, 0, 48),
(4836, 'Souk El Had', 1, 0, 48),
(4837, 'Yellel', 1, 0, 48),
(4838, 'Zemmora', 1, 0, 48),
(4903, 'Charouine', 1, 0, 49),
(4907, 'Ksar Kaddour', 1, 0, 49),
(4909, 'Timimoun', 1, 1, 49),
(4910, 'Ouled Saïd', 1, 0, 49),
(4916, 'Tinerkouk', 1, 0, 49),
(4917, 'Deldoul', 1, 0, 49),
(4920, 'Metarfa', 1, 0, 49),
(4923, 'Aougrout', 1, 0, 49),
(4924, 'Talmine', 1, 0, 49),
(4927, 'Ouled Aïssa', 1, 0, 49),
(5025, 'Bordj Badji Mokhtar', 0, 0, 50),
(5028, 'Timiaouine', 0, 0, 50),
(5103, 'Besbes', 0, 0, 51),
(5110, 'Doucen', 1, 0, 51),
(5111, 'Ech Chaïba', 1, 0, 51),
(5126, 'Ouled Djellal', 1, 1, 51),
(5129, 'Ras El Miaad', 0, 0, 51),
(5130, 'Sidi Khaled', 1, 0, 51),
(5203, 'Ouled Khoudir', 1, 0, 52),
(5205, 'Timoudi', 1, 0, 52),
(5207, 'Béni Abbès', 1, 0, 52),
(5208, 'Beni Ikhlef', 1, 0, 52),
(5211, 'Igli', 1, 0, 52),
(5212, 'Tabelbala', 0, 0, 52),
(5214, 'El Ouata', 1, 0, 52),
(5218, 'Kerzaz', 1, 0, 52),
(5219, 'Ksabi', 1, 0, 52),
(5220, 'Tamtert', 1, 0, 52),
(5303, 'In Ghar', 0, 0, 53),
(5308, 'In Salah', 1, 1, 53),
(5310, 'Foggaret Ezzaouia', 0, 0, 53),
(5404, 'In Guezzam', 0, 0, 54),
(5407, 'Tin Zaouatine', 0, 0, 54),
(5502, 'Benaceur', 1, 0, 55),
(5503, 'Blidet Amor', 1, 0, 55),
(5504, 'El Allia', 0, 0, 55),
(5505, 'El Borma', 0, 0, 55),
(5506, 'El Hadjira', 0, 0, 55),
(5509, 'Megarine', 1, 0, 55),
(5510, 'M\'Naguer', 1, 0, 55),
(5511, 'Nezla', 1, 0, 55),
(5516, 'Sidi Slimane', 1, 0, 55),
(5517, 'Taibet', 1, 0, 55),
(5518, 'Tamacine', 1, 0, 55),
(5519, 'Tebesbest', 1, 0, 55),
(5520, 'Touggourt', 1, 1, 55),
(5521, 'Zaouia El Abidia', 1, 0, 55),
(5602, 'Djanet', 1, 1, 56),
(5605, 'Bordj El Haouas', 0, 0, 56),
(5721, 'Still', 1, 0, 57),
(5722, 'M\'Rara', 1, 0, 57),
(5723, 'Sidi Khellil', 1, 0, 57),
(5724, 'Tendla', 1, 0, 57),
(5727, 'El M\'Ghair', 1, 1, 57),
(5728, 'Djamaa', 1, 1, 57),
(5729, 'Oum Touyour', 1, 0, 57),
(5730, 'Sidi Amrane', 1, 0, 57),
(5806, 'El Menia', 1, 1, 58),
(5808, 'Hassi Fehal', 1, 0, 58),
(5809, 'Hassi Gara', 1, 0, 58);

INSERT INTO `customers` (`id`, `lastName`, `firstName`, `email`, `password`, `phone_number`, `status`, `created_at`, `updated_at`) VALUES
(1, 'بن معطى الله', 'بن معطى الله', '', '', '0698121641', 1, '2025-09-11 14:28:04', '2025-09-11 14:28:04'),
(2, 'اواب', 'اواب', '', '', '0554027555', 1, '2025-09-11 14:31:42', '2025-09-11 14:31:42'),
(3, 'Alaaoui', 'Malek', '', '', '0555091578', 1, '2025-09-11 14:43:38', '2025-09-11 14:43:38'),
(4, 'وهبي', 'وهبي', '', '', '0790522671', 1, '2025-09-11 14:51:33', '2025-09-11 14:51:33'),
(5, 'توبة', 'توبة', '', '', '0662499542', 1, '2025-09-13 20:06:36', '2025-09-13 20:06:36'),
(6, 'حطابي', 'سامية', '', '', '0770997505', 1, '2025-09-13 20:10:09', '2025-09-13 20:10:09'),
(7, 'Hachemi', 'moumen', '', '', '0770630361', 1, '2025-09-13 20:13:03', '2025-09-13 20:13:03'),
(8, 'العربي', 'ام الخير', '', '', '0658494366', 1, '2025-09-13 20:16:00', '2025-09-13 20:16:00'),
(9, 'جراري', 'الفالي', '', '', '0676837516', 1, '2025-09-13 20:18:56', '2025-09-13 20:18:56'),
(10, 'عمار', 'باي', '', '', '0670930077', 1, '2025-09-13 20:21:52', '2025-09-13 20:21:52'),
(11, 'الشيخو', 'مصطفى', '', '', '0658856783', 1, '2025-09-13 20:24:56', '2025-09-13 20:24:56'),
(12, 'ain naadja', 'ain naadja', '', '', '0770230943', 1, '2025-09-13 20:28:53', '2025-09-13 20:28:53'),
(26, 'ahamadou', 'souhila', '', '', '0662363736', 1, '2025-09-23 11:29:02', '2025-09-23 11:29:02'),
(27, 'annonymos1', 'annonymos1', '', '', '0656751765', 1, '2025-09-23 11:35:11', '2025-09-23 11:35:11'),
(28, 'annonymos2', 'annonymos2', '', '', '0558550637', 1, '2025-09-23 11:40:59', '2025-09-23 11:40:59'),
(29, 'mabrk', 'nasima', '', '', '0672567167', 1, '2025-09-23 11:49:24', '2025-09-23 11:49:24'),
(30, 'makhlouf', 'amel', '', '', '0675202705', 1, '2025-09-23 11:54:13', '2025-09-23 11:54:13'),
(31, 'hadjr', 'hadjr', '', '', '0659723306', 1, '2025-09-23 11:57:05', '2025-09-23 11:57:05'),
(32, 'khaoua', 'abdou', '', '', '0568459255', 1, '2025-09-23 12:00:36', '2025-09-23 12:00:36'),
(33, 'annonymos3', 'annonymos3', '', '', '0556682550', 1, '2025-09-23 13:28:19', '2025-09-23 13:28:19'),
(34, 'boutr3a', 'loubna', '', '', '0780663177', 1, '2025-09-23 13:44:40', '2025-09-23 13:44:40'),
(35, 'bouslama', 'mouhamed', '', '', '0660447907', 1, '2025-09-23 13:50:12', '2025-09-23 13:50:12'),
(36, 'annonymos4', 'annonymos4', '', '', '0664102073', 1, '2025-09-23 13:54:24', '2025-09-23 13:54:24'),
(37, 'brkan', 'zakaria', '', '', '0561445275', 1, '2025-09-23 13:57:18', '2025-09-23 13:57:18'),
(38, 'bouagada', 'cherif', '', '', '0552472875', 1, '2025-09-23 14:01:21', '2025-09-23 14:01:21'),
(39, 'saada', 'lina', '', '', '0776768652', 1, '2025-09-23 14:06:56', '2025-09-23 14:06:56');



INSERT INTO `measurement_types` (`id`, `name`) VALUES
(1, 'tshirtLength'),
(2, 'sleeveLength'),
(3, 'Pants'),
(4, 'jacketSleeveLength'),
(5, 'pantsLengths');
INSERT INTO `migrations` (`id`, `migration`, `batch`) VALUES
(1, '0001_01_01_000000_create_users_table', 1),
(2, '0001_01_01_000001_create_cache_table', 1),
(3, '0001_01_01_000002_create_jobs_table', 1),
(4, '2025_08_14_101336_create_personal_access_tokens_table', 1),
(5, '2025_08_14_103147_create_products_table', 1),
(6, '2025_08_14_104530_create_sizes_table', 1),
(7, '2025_08_14_104557_create_variants_table', 1),
(8, '2025_08_14_113200_create_measurement_types_table', 1),
(9, '2025_08_14_120554_create_product_measurement_table', 1),
(10, '2025_08_17_101515_create_product_images_table', 1),
(11, '2025_08_28_195216_create_categories_table', 1),
(12, '2025_08_28_201822_create_category_product_table', 1),
(13, '2025_08_30_152939_create_wilayas_table', 1),
(14, '2025_08_31_180143_create_communes_table', 1),
(15, '2025_08_31_215318_create_agences_table', 1),
(16, '2025_09_01_205233_create_shipping_prices_table', 1),
(17, '2025_09_03_181456_create_customers_table', 1),
(18, '2025_09_03_181515_create_customer_target_sizes_table', 1),
(19, '2025_09_03_181533_create_sales_table', 1),
(20, '2025_09_03_181653_create_sale_detailles_table', 1),
(21, '2025_09_22_134806_create_rate_limits_table', 1);


INSERT INTO `product_images` (`id`, `image_url`, `product_id`) VALUES
(1, 'https://res.cloudinary.com/dpmow9eng/image/upload/v1757446687/d420af11-defc-4fbf-9462-65f548023f9c_uhizvm.jpg', 19),
(2, 'https://res.cloudinary.com/dpmow9eng/image/upload/v1757446687/57b5bb3d-6f31-442e-b818-b0a18a10ef7f_kodd6d.jpg', 19),
(3, 'https://res.cloudinary.com/dpmow9eng/image/upload/v1757446687/546104ef-9841-49ec-b06c-2dfd136ccbdc_i7v3xk.jpg', 19),
(4, 'https://res.cloudinary.com/dpmow9eng/image/upload/v1757448521/994ecc96-5e67-48f0-8710-4c3809592612_zpmhlj.jpg', 11),
(5, 'https://res.cloudinary.com/dpmow9eng/image/upload/v1757448521/c9b9bd9e-6acf-443c-8f93-e2eacc0ed121_n9q48j.jpg', 11),
(6, 'https://res.cloudinary.com/dpmow9eng/image/upload/v1757448521/538617169_1287606546390016_8514082764540144558_n_yetssn.jpg', 11),
(7, 'https://res.cloudinary.com/dpmow9eng/image/upload/v1757448448/15baea5f-37de-40e7-80a7-2b1345d06fed_mzayal.jpg', 22),
(8, 'https://res.cloudinary.com/dpmow9eng/image/upload/v1757448448/c6d0bc83-459f-4809-a080-593359c44634_xv0hld.jpg', 22),
(9, 'https://res.cloudinary.com/dpmow9eng/image/upload/v1757448449/cf776b1b-5720-488a-8241-3126bc3f9e44_m5dh21.jpg', 22),
(10, 'https://res.cloudinary.com/dpmow9eng/image/upload/v1757448449/6c5cf93d-222e-49f6-91c7-320f8396e148_b5cwph.jpg', 22),
(11, 'https://res.cloudinary.com/dpmow9eng/image/upload/v1757451618/91e86d4f-e1e9-4773-8a96-f385f64cf0dd_gizbhz.jpg', 21),
(12, 'https://res.cloudinary.com/dpmow9eng/image/upload/v1757451619/c1d2242c-daf2-4910-8280-d7a31813db5f_xky42d.jpg', 21),
(13, 'https://res.cloudinary.com/dpmow9eng/image/upload/v1757451618/297f1d3a-b301-43a6-a7aa-a11a15da5501_o72rsf.jpg', 21),
(14, 'https://res.cloudinary.com/dpmow9eng/image/upload/v1757451621/fdfbb532-457d-4a29-b7a6-7f3ddf1f3313_hmckf6.jpg', 21),
(15, 'https://res.cloudinary.com/dpmow9eng/image/upload/v1757451620/cda75b1a-9765-4676-98d1-154d984ca030_g161rm.jpg', 21),
(16, 'https://res.cloudinary.com/dpmow9eng/image/upload/v1757452350/89b601b6-5a98-458e-ae7c-f9077428b0e0_uypcms.jpg', 14),
(17, 'https://res.cloudinary.com/dpmow9eng/image/upload/v1757452347/a39b6844-1455-4a60-b1a4-8cf1d390a23d_ni5tp4.jpg', 14),
(18, 'https://res.cloudinary.com/dpmow9eng/image/upload/v1757452348/cb1f3394-78f3-4543-8139-9a6dea1a1fe2_rdode6.jpg', 14),
(19, 'https://res.cloudinary.com/dpmow9eng/image/upload/v1757452348/d86f1ac9-5bcc-4934-baa2-58dd1d7a7ba6_vzohih.jpg', 14),
(20, 'https://res.cloudinary.com/dpmow9eng/image/upload/v1757452347/536633384_1522536912238600_8876055921681244459_n_ullvff.jpg', 14),
(21, 'https://res.cloudinary.com/dpmow9eng/image/upload/v1757452346/539898235_808577288170642_7455580805696015718_n_mszjkz.jpg', 14),
(37, 'https://res.cloudinary.com/dpmow9eng/image/upload/v1757537230/download_kx9dta.jpg', 20),
(38, 'https://res.cloudinary.com/dpmow9eng/image/upload/v1757537230/d2f44159-4d5e-42a4-afdf-ee567172e59e_zqnkq3.jpg', 20),
(39, 'https://res.cloudinary.com/dpmow9eng/image/upload/v1757537230/81bf4807-ff9c-4ebc-b63d-386941537515_dxvhd0.jpg', 20),
(40, 'https://res.cloudinary.com/dpmow9eng/image/upload/v1757539335/cc2b879d-4c8e-4b02-9909-344fe8dc8b61_bifuyp.jpg', 20),
(44, 'https://res.cloudinary.com/dpmow9eng/image/upload/v1757539335/cc2b879d-4c8e-4b02-9909-344fe8dc8b61_bifuyp.jpg', 13),
(45, 'https://res.cloudinary.com/dpmow9eng/image/upload/v1757539335/1000010023_cfg2s3.jpg', 13),
(46, 'https://res.cloudinary.com/dpmow9eng/image/upload/v1757539361/1000010019_ww0gj3.jpg', 13),
(47, 'https://res.cloudinary.com/dpmow9eng/image/upload/v1757539335/0d474f5a-17e1-4d11-90a8-d8c84b941c1f_o1ps9b.jpg', 13),
(48, 'https://res.cloudinary.com/dpmow9eng/image/upload/v1757540106/cd5f5dfd-2b03-421f-8242-b0a567efba49_uubhkb.jpg', 17),
(49, 'https://res.cloudinary.com/dpmow9eng/image/upload/v1757540107/021c93e2-b903-4427-a381-dc156d564a0a_ddr0jx.jpg', 17),
(50, 'https://res.cloudinary.com/dpmow9eng/image/upload/v1757540107/03770a22-3fbf-45fb-a049-58852eff285b_rakbvx.jpg', 17),
(51, 'https://res.cloudinary.com/dpmow9eng/image/upload/v1757540840/117b9b3b-ae37-4236-a1f6-ea1c9e31b420_yvbdns.jpg', 12),
(52, 'https://res.cloudinary.com/dpmow9eng/image/upload/v1757540844/1a2a7f5b-80de-4aa4-939a-d53c02ec7e37_nismbo.jpg', 12),
(53, 'https://res.cloudinary.com/dpmow9eng/image/upload/v1757540840/35ab52f6-30af-4c5d-8466-d6f0f39b9db8_pbbujc.jpg', 12),
(54, 'https://res.cloudinary.com/dpmow9eng/image/upload/v1757540842/be3ef529-bfa0-4fc2-a9c1-d94013db6485_xpuhjc.jpg', 12),
(55, 'https://res.cloudinary.com/dpmow9eng/image/upload/v1757540841/ad16c675-8035-4dd1-9ffd-fcbcd3646429_v4ohru.jpg', 12),
(56, 'https://res.cloudinary.com/dpmow9eng/image/upload/v1757540839/5bc30ce7-b9cf-45db-80da-3c84fee22b06_jjukfy.jpg', 12),
(57, 'https://res.cloudinary.com/dpmow9eng/image/upload/v1757541609/eac5d2a5-454d-4f89-95a9-c8f1414189bd_iq4g6y.jpg', 16),
(58, 'https://res.cloudinary.com/dpmow9eng/image/upload/v1757541607/540003150_1311719083681490_6341225223022705954_n_bhzwu1.jpg', 16),
(59, 'https://res.cloudinary.com/dpmow9eng/image/upload/v1757542266/a1ac6a5d-cd19-4e64-b656-329f1e8e3d04_x1luvo.jpg', 19),
(60, 'https://res.cloudinary.com/dpmow9eng/image/upload/v1757542803/1000010146_pq4dr1.jpg', 18),
(61, 'https://res.cloudinary.com/dpmow9eng/image/upload/v1757584881/14ba5e1e-ea80-40ba-b70b-da8b4a1385c1_y47clk.jpg', 18),
(63, 'https://res.cloudinary.com/dpmow9eng/image/upload/v1757585299/541615393_1310578730708908_7528865646795856426_n_tsutqs.jpg', 28),
(64, 'https://res.cloudinary.com/dpmow9eng/image/upload/v1757587289/540579884_24533786012926921_1810634633863646449_n_hppi5h.jpg', 24),
(65, 'https://res.cloudinary.com/dpmow9eng/image/upload/v1757587286/540094015_662322016912376_5719907579624128300_n_wxsmpm.jpg', 24),
(66, 'https://res.cloudinary.com/dpmow9eng/image/upload/v1757588212/541656826_2178153406002856_6422103395469501148_n_vh4w4d.jpg', 30),
(67, 'https://res.cloudinary.com/dpmow9eng/image/upload/v1757588211/541039554_2848600852196851_7890263054864876422_n_zpcbs4.jpg', 30),
(68, 'https://res.cloudinary.com/dpmow9eng/image/upload/v1757588718/541056553_641487675691886_2731846566878630149_n_ankcyq.jpg', 32);
INSERT INTO `product_measurements` (`id`, `measurement_type_id`, `size_id`, `value`) VALUES
(16, 1, 1, '33'),
(17, 2, 1, '26'),
(18, 5, 1, '45'),
(19, 1, 2, '37'),
(20, 2, 2, '28.5'),
(21, 5, 2, '50.5'),
(22, 1, 3, '39.5'),
(23, 2, 3, '32'),
(24, 5, 3, '55'),
(25, 1, 4, '37'),
(26, 2, 4, '29'),
(27, 5, 4, '47.5'),
(28, 1, 5, '41'),
(29, 2, 5, '33'),
(30, 5, 5, '56'),
(31, 1, 6, '35.5'),
(32, 2, 6, '25'),
(33, 5, 6, '43'),
(34, 1, 7, '38'),
(35, 2, 7, '27'),
(36, 5, 7, '47'),
(37, 1, 8, '39'),
(38, 2, 8, '29'),
(39, 5, 8, '50.5'),
(40, 1, 9, '42'),
(41, 2, 9, '32'),
(42, 5, 9, '52'),
(43, 1, 10, '44'),
(44, 2, 10, '34.5'),
(45, 5, 10, '55.5'),
(46, 1, 11, '36'),
(47, 2, 11, '35'),
(48, 3, 11, '35'),
(49, 4, 11, '34'),
(50, 5, 11, '45'),
(51, 1, 12, '39'),
(52, 2, 12, '40'),
(53, 3, 12, '36'),
(54, 4, 12, '36'),
(55, 5, 12, '49'),
(56, 1, 13, '41'),
(57, 2, 13, '38'),
(58, 3, 13, '39'),
(59, 4, 13, '40'),
(60, 5, 13, '52.5'),
(61, 1, 14, '43'),
(62, 2, 14, '42'),
(63, 3, 14, '37'),
(64, 4, 14, '40.5'),
(65, 5, 14, '58'),
(66, 1, 15, '45.5'),
(67, 2, 15, '44'),
(68, 3, 15, '42'),
(69, 4, 15, '43'),
(70, 5, 15, '60'),
(71, 1, 16, '35.5'),
(72, 2, 16, '34'),
(73, 3, 16, '28'),
(74, 4, 16, '28'),
(75, 5, 16, '26.5'),
(76, 1, 17, '33.5'),
(77, 2, 17, '34'),
(78, 3, 17, '29'),
(79, 4, 17, '29'),
(80, 5, 17, '27.5'),
(81, 1, 18, '36'),
(82, 2, 18, '35'),
(83, 3, 18, '33.5'),
(84, 4, 18, '31'),
(85, 5, 18, '29'),
(86, 1, 19, '39'),
(87, 2, 19, '37'),
(88, 3, 19, '34'),
(89, 4, 19, '34'),
(90, 5, 19, '32'),
(91, 1, 20, '41'),
(92, 2, 20, '37'),
(93, 3, 20, '35'),
(94, 4, 20, '36'),
(95, 5, 20, '34'),
(96, 1, 21, '35'),
(97, 2, 21, '35.5'),
(98, 3, 21, '35'),
(99, 4, 21, '28'),
(100, 5, 21, '47'),
(101, 1, 22, '35.5'),
(102, 2, 22, '36.5'),
(103, 3, 22, '38'),
(104, 4, 22, '29'),
(105, 5, 22, '48'),
(106, 1, 23, '37'),
(107, 2, 23, '37.5'),
(108, 3, 23, '39'),
(109, 4, 23, '30.5'),
(110, 5, 23, '50'),
(111, 1, 24, '41'),
(112, 2, 24, '41'),
(113, 3, 24, '41'),
(114, 4, 24, '34.5'),
(115, 5, 24, '55'),
(116, 1, 25, '43'),
(117, 2, 25, '44'),
(118, 3, 25, '43'),
(119, 4, 25, '37'),
(120, 5, 25, '59'),
(121, 1, 35, '35'),
(122, 2, 35, '27'),
(123, 5, 35, '47'),
(124, 1, 36, '37'),
(125, 2, 36, '28'),
(126, 5, 36, '50'),
(127, 1, 37, '42'),
(128, 2, 37, '31'),
(129, 5, 37, '57'),
(130, 1, 38, '41.5'),
(131, 2, 38, '31'),
(132, 5, 38, '56'),
(133, 1, 39, '43'),
(134, 2, 39, '33'),
(135, 5, 39, '62.5'),
(136, 1, 45, '34'),
(137, 2, 45, '35'),
(138, 5, 45, '46'),
(139, 1, 46, '33'),
(140, 2, 46, '35'),
(141, 5, 46, '46'),
(142, 1, 47, '36'),
(143, 2, 47, '38'),
(144, 5, 47, '49'),
(145, 1, 48, '36'),
(146, 2, 48, '38'),
(147, 5, 48, '51.5'),
(148, 1, 49, '39'),
(149, 2, 49, '40'),
(150, 5, 49, '54'),
(151, 1, 50, '39'),
(152, 2, 50, '30'),
(153, 5, 50, '48.5'),
(154, 1, 51, '38'),
(155, 2, 51, '29'),
(156, 5, 51, '48.5'),
(157, 1, 52, '40.5'),
(158, 2, 52, '30'),
(159, 5, 52, '52.5'),
(160, 1, 53, '40'),
(161, 2, 53, '29.5'),
(162, 5, 53, '51.5'),
(163, 1, 54, '45'),
(164, 2, 54, '34'),
(165, 5, 54, '56'),
(166, 1, 55, '34'),
(167, 2, 55, '26'),
(168, 3, 55, '32'),
(169, 4, 55, '35'),
(170, 5, 55, '43.5'),
(171, 1, 56, '36'),
(172, 2, 56, '27'),
(173, 3, 56, '34'),
(174, 4, 56, '36.5'),
(175, 5, 56, '46'),
(176, 1, 57, '38'),
(177, 2, 57, '28.5'),
(178, 3, 57, '36'),
(179, 4, 57, '38'),
(180, 5, 57, '49.5'),
(181, 1, 58, '41'),
(182, 2, 58, '31'),
(183, 3, 58, '37'),
(184, 4, 58, '41'),
(185, 5, 58, '51'),
(186, 1, 59, '41'),
(187, 2, 59, '31.5'),
(188, 3, 59, '39'),
(189, 4, 59, '43'),
(190, 5, 59, '53'),
(191, 1, 75, '42'),
(192, 2, 75, '36.5'),
(193, 3, 75, '67'),
(194, 1, 76, '46'),
(195, 2, 76, '40.5'),
(196, 3, 76, '72.5'),
(197, 1, 77, '48'),
(198, 2, 77, '43'),
(199, 3, 77, '77.5'),
(200, 1, 78, '49.5'),
(201, 2, 78, '46'),
(202, 3, 78, '80'),
(203, 1, 79, '53.5'),
(204, 2, 79, '49'),
(205, 3, 79, '85'),
(206, 1, 80, '39'),
(207, 2, 80, '36'),
(208, 3, 80, '70'),
(209, 1, 81, '43'),
(210, 2, 81, '40'),
(211, 3, 81, '74'),
(212, 1, 82, '45'),
(213, 2, 82, '41.5'),
(214, 3, 82, '79.5'),
(215, 1, 83, '49'),
(216, 2, 83, '46'),
(217, 3, 83, '82'),
(218, 1, 84, '52.5'),
(219, 2, 84, '48'),
(220, 3, 84, '87'),
(221, 1, 85, '43'),
(222, 2, 85, '31'),
(223, 3, 85, '63.5'),
(224, 1, 86, '44.5'),
(225, 2, 86, '33'),
(226, 3, 86, '71'),
(227, 1, 87, '49'),
(228, 2, 87, '36.5'),
(229, 3, 87, '75'),
(230, 1, 88, '53'),
(231, 2, 88, '39'),
(232, 3, 88, '78'),
(233, 1, 89, '57'),
(234, 2, 89, '40'),
(235, 3, 89, '84'),
(236, 1, 90, '44'),
(237, 2, 90, '33'),
(238, 3, 90, '65'),
(239, 1, 91, '46'),
(240, 2, 91, '33'),
(241, 3, 91, '69'),
(242, 1, 92, '50'),
(243, 2, 92, '36'),
(244, 3, 92, '75'),
(245, 1, 93, '50'),
(246, 2, 93, '39'),
(247, 3, 93, '76.5'),
(248, 1, 94, '53'),
(249, 2, 94, '39.5'),
(250, 3, 94, '83'),
(251, 1, 95, '44'),
(252, 2, 95, '36'),
(253, 3, 95, '67'),
(254, 1, 96, '45'),
(255, 2, 96, '39'),
(256, 3, 96, '72.5'),
(257, 1, 97, '50'),
(258, 2, 97, '42'),
(259, 3, 97, '78'),
(260, 1, 98, '51.5'),
(261, 2, 98, '46'),
(262, 3, 98, '82'),
(263, 1, 99, '54'),
(264, 2, 99, '47.5'),
(265, 3, 99, '85'),
(266, 1, 100, '44'),
(267, 2, 100, '33'),
(268, 3, 100, '64'),
(269, 1, 101, '46'),
(270, 2, 101, '35.5'),
(271, 3, 101, '67'),
(272, 1, 102, '49'),
(273, 2, 102, '38'),
(274, 3, 102, '71.5'),
(275, 1, 103, '51'),
(276, 2, 103, '41'),
(277, 3, 103, '78'),
(278, 1, 104, '54'),
(279, 2, 104, '43'),
(280, 3, 104, '84'),
(281, 1, 105, '42.5'),
(282, 2, 105, '37'),
(283, 3, 105, '67'),
(284, 1, 106, '45'),
(285, 2, 106, '40'),
(286, 3, 106, '71'),
(287, 1, 107, '49'),
(288, 2, 107, '42'),
(289, 3, 107, '75'),
(290, 1, 108, '52'),
(291, 2, 108, '46'),
(292, 3, 108, '79'),
(293, 1, 109, '55'),
(294, 2, 109, '48.5'),
(295, 3, 109, '83.5'),
(296, 1, 110, '37'),
(297, 2, 110, '36'),
(298, 3, 110, '65.5'),
(299, 1, 111, '40.5'),
(300, 2, 111, '38.5'),
(301, 3, 111, '71.5'),
(302, 1, 112, '41.5'),
(303, 2, 112, '42'),
(304, 3, 112, '75.5'),
(305, 1, 113, '45'),
(306, 2, 113, '44.5'),
(307, 3, 113, '79.5'),
(308, 1, 114, '48'),
(309, 2, 114, '48.5'),
(310, 3, 114, '82'),
(311, 1, 115, '44.5'),
(312, 2, 115, '39.5'),
(313, 3, 115, '66'),
(314, 1, 116, '48'),
(315, 2, 116, '47'),
(316, 3, 116, '70.5'),
(317, 1, 117, '49.5'),
(318, 2, 117, '50'),
(319, 3, 117, '74'),
(320, 1, 118, '52.5'),
(321, 2, 118, '53.5'),
(322, 3, 118, '78'),
(323, 1, 119, '54'),
(324, 2, 119, '56'),
(325, 3, 119, '83'),
(326, 1, 120, '42'),
(327, 2, 120, '35.5'),
(328, 3, 120, '68'),
(329, 1, 121, '45.5'),
(330, 2, 121, '39.5'),
(331, 3, 121, '72'),
(332, 1, 122, '48'),
(333, 2, 122, '43'),
(334, 3, 122, '75.5'),
(335, 1, 123, '51'),
(336, 2, 123, '44.5'),
(337, 3, 123, '81'),
(338, 1, 124, '54'),
(339, 2, 124, '49'),
(340, 3, 124, '87'),
(341, 1, 130, '34'),
(342, 2, 130, '39.5'),
(343, 3, 130, '67'),
(344, 1, 131, '37'),
(345, 2, 131, '41.5'),
(346, 3, 131, '72'),
(347, 1, 132, '39.5'),
(348, 2, 132, '45'),
(349, 3, 132, '77.5'),
(350, 1, 133, '42.5'),
(351, 2, 133, '48'),
(352, 3, 133, '80'),
(353, 1, 134, '45.5'),
(354, 2, 134, '50'),
(355, 3, 134, '85'),
(356, 1, 60, '33'),
(357, 2, 60, '34'),
(358, 3, 60, '44.5'),
(359, 1, 61, '35'),
(360, 2, 61, '35'),
(361, 3, 61, '48'),
(362, 1, 62, '37'),
(363, 2, 62, '37'),
(364, 3, 62, '50'),
(365, 1, 63, '40.5'),
(366, 2, 63, '41'),
(367, 3, 63, '55.5'),
(368, 1, 64, '43.5'),
(369, 2, 64, '43'),
(370, 3, 64, '58.5'),
(371, 1, 65, '32'),
(372, 2, 65, '27'),
(373, 3, 65, '42'),
(374, 1, 66, '33.5'),
(375, 2, 66, '28'),
(376, 3, 66, '46.5'),
(377, 1, 67, '35.5'),
(378, 2, 67, '30.5'),
(379, 3, 67, '49.5'),
(380, 1, 68, '37'),
(381, 2, 68, '32.5'),
(382, 3, 68, '50'),
(383, 1, 69, '38'),
(384, 2, 69, '34'),
(385, 3, 69, '54'),
(386, 1, 70, '33.5'),
(387, 2, 70, '24'),
(388, 3, 70, '46'),
(389, 1, 71, '35'),
(390, 2, 71, '25'),
(391, 3, 71, '46'),
(392, 1, 72, '38'),
(393, 2, 72, '26'),
(394, 3, 72, '53'),
(395, 1, 73, '41'),
(396, 2, 73, '27'),
(397, 3, 73, '56'),
(398, 1, 74, '41'),
(399, 2, 74, '28'),
(400, 3, 74, '59.5');
INSERT INTO `products` (`id`, `name`, `description`, `price`, `sex`, `preview_image`, `created_at`, `updated_at`) VALUES
(11, 'Affnane', NULL, '4900.00', 'F', 'https://res.cloudinary.com/dpmow9eng/image/upload/v1757448520/a93d03c4-32cf-48ad-9233-c677f9012872_cxsgen.jpg', NULL, NULL),
(12, 'Anes', NULL, '5800.00', 'M', 'https://res.cloudinary.com/dpmow9eng/image/upload/v1757540843/Creativ1_fkdqjq_drufcq.webp', NULL, NULL),
(13, 'Lea', NULL, '4800.00', 'F', 'https://res.cloudinary.com/dpmow9eng/image/upload/v1757539336/2515907c-7bb9-43b2-b42b-4ffc29fde972_ge4t9u.jpg', NULL, NULL),
(14, 'Chahin', NULL, '5200.00', 'M', 'https://res.cloudinary.com/dpmow9eng/image/upload/v1757452350/eef5cbeb-e1c7-4278-a508-e2890798c2c2_carwp5.jpg', NULL, NULL),
(15, 'Zahra', NULL, '4300.00', 'F', 'https://res.cloudinary.com/dpmow9eng/image/upload/v1757542153/956f07d6-2dc8-442f-b139-0ca85429313a_n5d03x.jpg', NULL, NULL),
(16, 'Adem', NULL, '4000.00', 'M', 'https://res.cloudinary.com/dpmow9eng/image/upload/v1757541608/7a3917c6-0225-4257-a0f5-20e943ec76d5_jw0c0i.jpg', NULL, NULL),
(17, 'Iyad', NULL, '5600.00', 'M', 'https://res.cloudinary.com/dpmow9eng/image/upload/v1757540106/66100bba-0065-4b67-bbe0-09c0245220c8_gkpaae.jpg', NULL, NULL),
(18, 'Racim', NULL, '4400.00', 'M', 'https://res.cloudinary.com/dpmow9eng/image/upload/v1757542802/1000010143_r9jkjs.jpg', NULL, NULL),
(19, 'Imad', NULL, '3800.00', 'M', 'https://res.cloudinary.com/dpmow9eng/image/upload/v1757446687/ab79b2ca-50a7-41b4-9690-b1d4be3c5074_vzsrl1.jpg', NULL, NULL),
(20, 'Podest', NULL, '4800.00', 'M', 'https://res.cloudinary.com/dpmow9eng/image/upload/v1757537251/download_r76aqs.jpg', NULL, NULL),
(21, 'Sara', NULL, '5200.00', 'F', 'https://res.cloudinary.com/dpmow9eng/image/upload/v1757451619/44539d72-2ff7-45a9-94fd-bded69455823_sv5hqn.jpg', NULL, NULL),
(22, 'Malek', NULL, '5500.00', 'M', 'https://res.cloudinary.com/dpmow9eng/image/upload/v1757448448/9315328d-7674-494c-a435-e2b46916dd7a_xoiezp.jpg', NULL, NULL),
(24, 'Eline', NULL, '4400.00', 'F', 'https://res.cloudinary.com/dpmow9eng/image/upload/v1757587290/540626152_752410570734565_104250468323788192_n_patnns.jpg', NULL, NULL),
(25, 'Dream', NULL, '4400.00', 'F', 'https://res.cloudinary.com/dpmow9eng/image/upload/v1757587530/539284803_122105627042990052_3798334608979933827_n_ervkcz.jpg', NULL, NULL),
(26, 'Sabrina', NULL, '5800.00', 'F', 'https://res.cloudinary.com/dpmow9eng/image/upload/v1757587691/539586338_122105627306990052_6126068052166348555_n_daxiv0.jpg', NULL, NULL),
(27, 'LoB', NULL, '4400.00', 'U', 'https://res.cloudinary.com/dpmow9eng/image/upload/v1757587858/540960399_733281659699691_110313565692672285_n_n2nopo.jpg', NULL, NULL),
(28, 'Werda', NULL, '5800.00', 'F', 'https://res.cloudinary.com/dpmow9eng/image/upload/v1757585616/1_b9lemg.jpg', NULL, NULL),
(29, 'Hiphop', NULL, '5400.00', 'M', 'https://res.cloudinary.com/dpmow9eng/image/upload/v1757587942/de27b3f3-67d8-4940-a085-a46e17aada79_rdmu4n.jpg', NULL, NULL),
(30, 'Lee rose', NULL, '5800.00', 'U', 'https://res.cloudinary.com/dpmow9eng/image/upload/v1757588214/537049920_1096388082094454_7138684394785157816_n_gdowur.jpg', NULL, NULL),
(31, 'Rayane', NULL, '5800.00', 'U', 'https://res.cloudinary.com/dpmow9eng/image/upload/v1757588362/540474686_122105626940990052_2166092508004331718_n_hqxjlr.jpg', NULL, NULL),
(32, 'Anias', NULL, '5800.00', 'U', 'https://res.cloudinary.com/dpmow9eng/image/upload/v1757588717/8b502e37-449a-46e7-975b-3cd9e12b7b39_xbjso8.jpg', NULL, NULL),
(33, 'Meriem', NULL, '5400.00', 'F', 'https://res.cloudinary.com/dpmow9eng/image/upload/v1757586877/f4b8bc4f-c27f-4ca5-8679-22d4a3325dc3_sb6mzr.jpg', NULL, NULL),
(34, 'Sta', NULL, '5800.00', 'F', 'https://res.cloudinary.com/dpmow9eng/image/upload/v1757588806/7fd022ac-ae0a-400c-b7a0-728c83bfc5bb_q3ebgt.jpg', NULL, NULL);

INSERT INTO `sale_detailles` (`id`, `variant_id`, `selling_price`, `quantity`, `sale_id`) VALUES
(1, 203, '5800.00', 1, 23),
(2, 126, '5500.00', 1, 15),
(3, 150, '4200.00', 1, 17),
(4, 33, '5000.00', 1, 13),
(5, 109, '4200.00', 1, 13),
(6, 13, '5250.00', 1, 13),
(7, 74, '3800.00', 1, 16),
(8, 8, '3900.00', 1, 16),
(9, 35, '4150.00', 1, 18),
(10, 99, '3200.00', 1, 19),
(11, 80, '3800.00', 1, 24),
(12, 1, '3000.00', 1, 22),
(13, 108, '3500.00', 1, 14),
(14, 83, '4450.00', 1, 20),
(15, 141, '4400.00', 1, 21),
(21, 173, '4400.00', 1, 29),
(22, 135, '4400.00', 1, 30),
(23, 100, '3250.00', 1, 31),
(24, 146, '4400.00', 1, 32),
(25, 176, '4400.00', 1, 33),
(26, 140, '4400.00', 1, 34),
(27, 42, '4800.00', 1, 35),
(28, 119, '5800.00', 1, 36),
(29, 189, '5000.00', 1, 37),
(30, 28, '5100.00', 1, 37),
(31, 121, '5800.00', 1, 37),
(32, 94, '5650.00', 1, 38),
(33, 93, '5800.00', 1, 39),
(34, 107, '4400.00', 1, 40),
(35, 32, '5150.00', 1, 41),
(36, 231, '5800.00', 1, 42),
(37, 236, '5800.00', 1, 42);
INSERT INTO `sales` (`id`, `tracking`, `status`, `wilaya`, `commune`, `agence_or_address`, `shipping_price`, `shipping_label`, `customer_id`, `created_at`, `updated_at`) VALUES
(13, 'yal-B27TLM', 'Livré', 'Boumerdès', 'Hammedi', '', '650', 'https://yalidine.app/app/bordereau.php?tracking=yal-B27TLM&token=K0FsNWhSV2QrNGZaVGpuWjlzZngyZz09', 4, '2025-09-11 13:51:33', '2025-09-11 13:51:33'),
(14, 'yal-B33BZK', 'Livré', 'Sétif', 'El Eulma', 'Desk El Eulma Yalidine', '500', '', 10, '2025-09-01 19:21:52', '2025-09-02 19:21:52'),
(15, 'yal-C42XNV', 'Livré', 'Batna', 'Barika', '', '500', 'https://yalidine.app/app/bordereau.php?tracking=yal-C42XNV&token=ZmVGSEFKYUcydzRtTTlYdlVQYUwrZz09', 2, '2025-09-11 13:31:42', '2025-09-11 13:31:42'),
(16, 'yal-F50EPS', 'Livré', 'Oum El Bouaghi', 'Aïn Beïda', 'ain beida', '850', '', 5, '2025-09-01 19:06:36', '2025-09-02 19:06:36'),
(17, 'yal-L63MEC', 'Livré', 'Alger', 'Ouled Fayet', '', '500', 'https://yalidine.app/app/bordereau.php?tracking=yal-L63MEC&token=RlZMc3hLbTlpd2ZkcUl4K1VhMG5QZz09', 3, '2025-09-11 13:43:38', '2025-09-11 13:43:38'),
(18, 'yal-L76PYK', 'Livré', 'Tiaret', 'Tiaret', 'Agence de Tiaret Yalidine', '500', '', 6, '2025-09-01 19:10:09', '2025-09-02 19:10:09'),
(19, 'yal-L78WZL', 'Livré', 'Alger', 'Bordj El Kiffan', 'bateau casse', '500', '', 7, '2025-09-01 19:13:03', '2025-09-02 19:13:03'),
(20, 'yal-R20PTK', 'Livré', 'Djelfa', 'Djelfa', 'Djelfa', '900', '', 11, '2025-09-01 19:24:56', '2025-09-02 19:24:56'),
(21, 'yal-S53DEH', 'Livré', 'Alger', 'Kouba', 'ain naadja', '500', '', 12, '2025-09-01 19:28:53', '2025-09-02 19:28:53'),
(22, 'yal-T69DFZ', 'Livré', 'El M\'Ghair', 'El M\'Ghair', 'Agence de El M\'Ghair [Yalidine]', '700', '', 9, '2025-09-01 19:18:56', '2025-09-02 19:18:56'),
(23, 'yal-V98LCD', 'Livré', 'Tamanrasset', 'Tamanrasset', 'centre ville', '1350', 'https://yalidine.app/app/bordereau.php?tracking=yal-V98LCD&token=OHpBSjhRbmdlaExpK1ljUDhWZ1dpZz09', 1, '2025-09-11 13:28:05', '2025-09-11 13:28:05'),
(24, 'yal-Z85MFF', 'Livré', 'Annaba', 'Annaba', 'annaba', '750', '', 8, '2025-09-01 19:16:00', '2025-09-02 19:16:00'),
(29, '', 'Livré', 'El Menia', 'El Menia', 'Agence de El Menia [Yalidine]', '700', '', 26, '2025-09-23 11:29:02', '2025-09-23 11:29:02'),
(30, '', 'Livré', 'Tizi Ouzou', 'Draâ El Mizan', 'emty', '850', '', 27, '2025-09-23 11:35:11', '2025-09-23 11:35:11'),
(31, '', 'Livré', 'Tipaza', 'Fouka', 'test', '550', '', 28, '2025-09-23 11:40:59', '2025-09-23 11:40:59'),
(32, '', 'Livré', 'Médéa', 'Médéa', 'Agence de Médéa El Koutab Yalidine', '500', '', 29, '2025-09-23 11:49:24', '2025-09-23 11:49:24'),
(33, '', 'Livré', 'Chlef', 'Chlef', 'Agence de Chlef Guepex', '500', '', 30, '2025-09-23 11:54:13', '2025-09-23 11:54:13'),
(34, '', 'Livré', 'Oran', 'Arzew', 'test', '850', '', 31, '2025-09-23 11:57:05', '2025-09-23 11:57:05'),
(35, '', 'Livré', 'Alger', 'Bab Ezzouar', 'test', '500', '', 32, '2025-09-23 12:00:36', '2025-09-23 12:00:36'),
(36, '', 'Livré', 'Oran', 'Oran', 'Agence de Gambetta Zimou-Expres', '500', '', 33, '2025-09-23 13:28:19', '2025-09-23 13:28:19'),
(37, '', 'Livré', 'Skikda', 'Skikda', 'Nouvelle Agence Skikda L\'espérance Yalidine', '500', '', 34, '2025-09-23 13:44:40', '2025-09-23 13:44:40'),
(38, '', 'Livré', 'Tébessa', 'Negrine', 'test', '900', '', 35, '2025-09-23 13:50:13', '2025-09-23 13:50:13'),
(39, '', 'Livré', 'Mila', 'Mila', 'Agence de Mila Yalidine', '500', '', 36, '2025-09-23 13:54:24', '2025-09-23 13:54:24'),
(40, '', 'Livré', 'Blida', 'Boufarik', 'Agence de Boufarik Guepex', '450', '', 37, '2025-09-23 13:57:18', '2025-09-23 13:57:18'),
(41, '', 'Livré', 'Oran', 'Oran', 'test', '750', '', 38, '2025-09-23 14:01:21', '2025-09-23 14:01:21'),
(42, '', 'Livré', 'Alger', 'Reghaïa', 'test', '500', '', 39, '2025-09-23 14:06:56', '2025-09-23 14:06:56');


INSERT INTO `sizes` (`id`, `size`, `product_id`) VALUES
(1, '1-2', 19),
(2, '2-3', 19),
(3, '3-4', 19),
(4, '4-5', 19),
(5, '5-6', 19),
(6, '1-2', 11),
(7, '2-3', 11),
(8, '3-4', 11),
(9, '4-5', 11),
(10, '5-6', 11),
(11, '1-2', 22),
(12, '2-3', 22),
(13, '3-4', 22),
(14, '4-5', 22),
(15, '5-6', 22),
(16, '1-2', 21),
(17, '2-3', 21),
(18, '3-4', 21),
(19, '4-5', 21),
(20, '5-6', 21),
(21, '1-2', 14),
(22, '2-3', 14),
(23, '3-4', 14),
(24, '4-5', 14),
(25, '5-6', 14),
(35, '1-2', 20),
(36, '2-3', 20),
(37, '3-4', 20),
(38, '4-5', 20),
(39, '5-6', 20),
(45, '1-2', 13),
(46, '2-3', 13),
(47, '3-4', 13),
(48, '4-5', 13),
(49, '5-6', 13),
(50, '1-2', 17),
(51, '2-3', 17),
(52, '3-4', 17),
(53, '4-5', 17),
(54, '5-6', 17),
(55, '1-2', 12),
(56, '2-3', 12),
(57, '3-4', 12),
(58, '4-5', 12),
(59, '5-6', 12),
(60, '1-2', 16),
(61, '2-3', 16),
(62, '3-4', 16),
(63, '4-5', 16),
(64, '5-6', 16),
(65, '1-2', 15),
(66, '2-3', 15),
(67, '3-4', 15),
(68, '4-5', 15),
(69, '5-6', 15),
(70, '1-2', 18),
(71, '2-3', 18),
(72, '3-4', 18),
(73, '4-5', 18),
(74, '5-6', 18),
(75, '6-7', 28),
(76, '8-9', 28),
(77, '10-11', 28),
(78, '12-13', 28),
(79, '14-15', 28),
(80, '6-7', 33),
(81, '8-9', 33),
(82, '10-11', 33),
(83, '12-13', 33),
(84, '14-15', 33),
(85, '6-7', 24),
(86, '8-9', 24),
(87, '10-11', 24),
(88, '12-13', 24),
(89, '14-15', 24),
(90, '6-7', 25),
(91, '8-9', 25),
(92, '10-11', 25),
(93, '12-13', 25),
(94, '14-15', 25),
(95, '6-7', 26),
(96, '8-9', 26),
(97, '10-11', 26),
(98, '12-13', 26),
(99, '14-15', 26),
(100, '6-7', 27),
(101, '8-9', 27),
(102, '10-11', 27),
(103, '12-13', 27),
(104, '14-15', 27),
(105, '6-7', 29),
(106, '8-9', 29),
(107, '10-11', 29),
(108, '12-13', 29),
(109, '14-15', 29),
(110, '6-7', 30),
(111, '8-9', 30),
(112, '10-11', 30),
(113, '12-13', 30),
(114, '14-15', 30),
(115, '6-7', 31),
(116, '8-9', 31),
(117, '10-11', 31),
(118, '12-13', 31),
(119, '14-15', 31),
(120, '6-7', 32),
(121, '8-9', 32),
(122, '10-11', 32),
(123, '12-13', 32),
(124, '14-15', 32),
(130, '6-7', 34),
(131, '8-9', 34),
(132, '10-11', 34),
(133, '12-13', 34),
(134, '14-15', 34);

INSERT INTO `variants` (`id`, `color`, `size_id`, `quantity`, `product_id`) VALUES
(1, 'Brown', 1, 2, 19),
(2, 'Brown', 2, 1, 19),
(3, 'Brown', 3, 1, 19),
(4, 'Brown', 4, 1, 19),
(5, 'Brown', 5, 1, 19),
(6, 'Purple', 6, 0, 11),
(7, 'Purple', 7, 0, 11),
(8, 'Purple', 8, 0, 11),
(9, 'Purple', 9, 1, 11),
(10, 'Purple', 10, 1, 11),
(11, 'Blue', 11, 1, 22),
(12, 'Blue', 12, 1, 22),
(13, 'Blue', 13, 0, 22),
(14, 'Blue', 14, 1, 22),
(15, 'Blue', 15, 1, 22),
(16, 'Gray', 11, 1, 22),
(17, 'Gray', 12, 1, 22),
(18, 'Gray', 13, 1, 22),
(19, 'Gray', 14, 1, 22),
(20, 'Gray', 15, 1, 22),
(21, 'Brown', 16, 1, 21),
(22, 'Brown', 17, 1, 21),
(23, 'Brown', 18, 1, 21),
(24, 'Brown', 19, 1, 21),
(25, 'Brown', 20, 1, 21),
(26, 'Blue', 21, 0, 14),
(27, 'Blue', 22, 1, 14),
(28, 'Blue', 23, 0, 14),
(29, 'Blue', 24, 1, 14),
(30, 'Blue', 25, 1, 14),
(31, 'White', 21, 1, 14),
(32, 'White', 22, 0, 14),
(33, 'White', 23, 0, 14),
(34, 'White', 24, 1, 14),
(35, 'White', 25, 0, 14),
(42, 'Brown', 35, 0, 20),
(43, 'Brown', 36, 1, 20),
(44, 'Brown', 37, 1, 20),
(45, 'Brown', 38, 1, 20),
(46, 'Brown', 39, 1, 20),
(47, 'Green', 35, 1, 20),
(48, 'Green', 36, 1, 20),
(49, 'Green', 37, 1, 20),
(50, 'Green', 38, 1, 20),
(51, 'Green', 39, 1, 20),
(72, 'Pink-White', 45, 1, 13),
(73, 'Pink-White', 46, 1, 13),
(74, 'Pink-White', 47, 0, 13),
(75, 'Pink-White', 48, 1, 13),
(76, 'Pink-White', 49, 1, 13),
(77, 'White-Purple', 45, 1, 13),
(78, 'White-Purple', 46, 1, 13),
(79, 'White-Purple', 47, 1, 13),
(80, 'White-Purple', 48, 0, 13),
(81, 'White-Purple', 49, 1, 13),
(82, 'Green', 50, 1, 17),
(83, 'Green', 51, 0, 17),
(84, 'Green', 52, 1, 17),
(85, 'Green', 53, 1, 17),
(86, 'Green', 54, 1, 17),
(87, 'Green', 55, 2, 12),
(88, 'Green', 56, 2, 12),
(89, 'Green', 57, 2, 12),
(90, 'Green', 58, 2, 12),
(91, 'Green', 59, 2, 12),
(92, 'Blue', 55, 2, 12),
(93, 'Blue', 56, 1, 12),
(94, 'Blue', 57, 1, 12),
(95, 'Blue', 58, 2, 12),
(96, 'Blue', 59, 2, 12),
(97, 'White', 60, 0, 16),
(98, 'White', 61, 0, 16),
(99, 'White', 62, 0, 16),
(100, 'White', 63, 0, 16),
(101, 'White', 64, 1, 16),
(102, 'Brown', 65, 1, 15),
(103, 'Brown', 66, 1, 15),
(104, 'Brown', 67, 1, 15),
(105, 'Brown', 68, 1, 15),
(106, 'Brown', 69, 1, 15),
(107, 'beige', 70, 0, 18),
(108, 'beige', 71, 0, 18),
(109, 'beige', 72, 0, 18),
(110, 'beige', 73, 1, 18),
(111, 'beige', 74, 1, 18),
(112, 'Pink', 75, 1, 28),
(113, 'Pink', 76, 1, 28),
(114, 'Pink', 77, 1, 28),
(115, 'Pink', 78, 1, 28),
(116, 'Pink', 79, 1, 28),
(117, 'Blue', 75, 1, 28),
(118, 'Blue', 76, 1, 28),
(119, 'Blue', 77, 0, 28),
(120, 'Blue', 78, 1, 28),
(121, 'Blue', 79, 0, 28),
(122, 'beige', 75, 1, 28),
(123, 'beige', 76, 1, 28),
(124, 'beige', 77, 1, 28),
(125, 'beige', 78, 1, 28),
(126, 'beige', 79, 0, 28),
(127, 'Biker', 80, 1, 33),
(128, 'Biker', 81, 1, 33),
(129, 'Biker', 82, 1, 33),
(130, 'Biker', 83, 1, 33),
(131, 'Biker', 84, 1, 33),
(132, 'Green', 85, 1, 24),
(133, 'Green', 86, 1, 24),
(134, 'Green', 87, 1, 24),
(135, 'Green', 88, 0, 24),
(136, 'Green', 89, 1, 24),
(137, 'Black', 85, 1, 24),
(138, 'Black', 86, 1, 24),
(139, 'Black', 87, 1, 24),
(140, 'Black', 88, 0, 24),
(141, 'Black', 89, 0, 24),
(142, 'Biker', 85, 1, 24),
(143, 'Biker', 86, 1, 24),
(144, 'Biker', 87, 1, 24),
(145, 'Biker', 88, 1, 24),
(146, 'Biker', 89, 0, 24),
(147, 'Green', 90, 1, 25),
(148, 'Green', 91, 1, 25),
(149, 'Green', 92, 1, 25),
(150, 'Green', 93, 0, 25),
(151, 'Green', 94, 1, 25),
(152, 'Black', 90, 1, 25),
(153, 'Black', 91, 1, 25),
(154, 'Black', 92, 1, 25),
(155, 'Black', 93, 1, 25),
(156, 'Black', 94, 1, 25),
(157, 'beige', 90, 1, 25),
(158, 'beige', 91, 1, 25),
(159, 'beige', 92, 1, 25),
(160, 'beige', 93, 1, 25),
(161, 'beige', 94, 1, 25),
(162, 'Pink', 95, 2, 26),
(163, 'Pink', 96, 2, 26),
(164, 'Pink', 97, 2, 26),
(165, 'Pink', 98, 2, 26),
(166, 'Pink', 99, 2, 26),
(167, 'Biker', 95, 1, 26),
(168, 'Biker', 96, 1, 26),
(169, 'Biker', 97, 1, 26),
(170, 'Biker', 98, 1, 26),
(171, 'Biker', 99, 1, 26),
(172, 'Green', 100, 1, 27),
(173, 'Green', 101, 0, 27),
(174, 'Green', 102, 1, 27),
(175, 'Green', 103, 1, 27),
(176, 'Green', 104, 0, 27),
(177, 'Black', 100, 1, 27),
(178, 'Black', 101, 1, 27),
(179, 'Black', 102, 1, 27),
(180, 'Black', 103, 1, 27),
(181, 'Black', 104, 1, 27),
(182, 'Green', 105, 1, 29),
(183, 'Green', 106, 1, 29),
(184, 'Green', 107, 1, 29),
(185, 'Green', 108, 1, 29),
(186, 'Green', 109, 1, 29),
(187, 'Black', 105, 1, 29),
(188, 'Black', 106, 1, 29),
(189, 'Black', 107, 0, 29),
(190, 'Black', 108, 1, 29),
(191, 'Black', 109, 1, 29),
(192, 'Brown', 105, 1, 29),
(193, 'Brown', 106, 1, 29),
(194, 'Brown', 107, 1, 29),
(195, 'Brown', 108, 1, 29),
(196, 'Brown', 109, 1, 29),
(197, 'beige', 105, 1, 29),
(198, 'beige', 106, 1, 29),
(199, 'beige', 107, 1, 29),
(200, 'beige', 108, 1, 29),
(201, 'beige', 109, 1, 29),
(202, 'Biker', 110, 1, 30),
(203, 'Biker', 111, 0, 30),
(204, 'Biker', 112, 1, 30),
(205, 'Biker', 113, 1, 30),
(206, 'Biker', 114, 1, 30),
(207, 'Black', 110, 1, 30),
(208, 'Black', 111, 1, 30),
(209, 'Black', 112, 1, 30),
(210, 'Black', 113, 1, 30),
(211, 'Black', 114, 1, 30),
(212, 'Brown', 110, 1, 30),
(213, 'Brown', 111, 1, 30),
(214, 'Brown', 112, 1, 30),
(215, 'Brown', 113, 1, 30),
(216, 'Brown', 114, 1, 30),
(217, 'beige', 110, 1, 30),
(218, 'beige', 111, 1, 30),
(219, 'beige', 112, 1, 30),
(220, 'beige', 113, 1, 30),
(221, 'beige', 114, 1, 30),
(222, 'Brown', 115, 1, 31),
(223, 'Brown', 116, 1, 31),
(224, 'Brown', 117, 1, 31),
(225, 'Brown', 118, 1, 31),
(226, 'Brown', 119, 1, 31),
(227, 'beige', 120, 1, 32),
(228, 'beige', 121, 1, 32),
(229, 'beige', 122, 1, 32),
(230, 'beige', 123, 1, 32),
(231, 'beige', 124, 0, 32),
(232, 'Pink', 120, 1, 32),
(233, 'Pink', 121, 1, 32),
(234, 'Pink', 122, 1, 32),
(235, 'Pink', 123, 1, 32),
(236, 'Pink', 124, 0, 32),
(247, 'Pink', 130, 1, 34),
(248, 'Pink', 131, 1, 34),
(249, 'Pink', 132, 1, 34),
(250, 'Pink', 133, 1, 34),
(251, 'Pink', 134, 1, 34);
INSERT INTO `wilayas` (`id`, `name`, `stopDeskTarif`, `homeTarif`, `is_deliverable`) VALUES
(1, 'Adrar', 900, 1150, 1),
(2, 'Chlef', 500, 750, 1),
(3, 'Laghouat', 700, 900, 1),
(4, 'Oum El Bouaghi', 500, 750, 1),
(5, 'Batna', 500, 750, 1),
(6, 'Béjaïa', 500, 750, 1),
(7, 'Biskra', 700, 900, 1),
(8, 'Béchar', 900, 1150, 1),
(9, 'Blida', 450, 550, 1),
(10, 'Bouira', 500, 750, 1),
(11, 'Tamanrasset', 1100, 1350, 1),
(12, 'Tébessa', 700, 900, 1),
(13, 'Tlemcen', 500, 750, 1),
(14, 'Tiaret', 500, 750, 1),
(15, 'Tizi Ouzou', 500, 750, 1),
(16, 'Alger', 400, 500, 1),
(17, 'Djelfa', 700, 900, 1),
(18, 'Jijel', 500, 750, 1),
(19, 'Sétif', 500, 750, 1),
(20, 'Saïda', 500, 750, 1),
(21, 'Skikda', 500, 750, 1),
(22, 'Sidi Bel Abbès', 500, 750, 1),
(23, 'Annaba', 500, 750, 1),
(24, 'Guelma', 500, 750, 1),
(25, 'Constantine', 500, 750, 1),
(26, 'Médéa', 500, 750, 1),
(27, 'Mostaganem', 500, 750, 1),
(28, 'M\'Sila', 500, 750, 1),
(29, 'Mascara', 500, 750, 1),
(30, 'Ouargla', 700, 900, 1),
(31, 'Oran', 500, 750, 1),
(32, 'El Bayadh', 900, 1150, 1),
(33, 'Illizi', 1100, 1350, 1),
(34, 'Bordj Bou Arreridj', 500, 750, 1),
(35, 'Boumerdès', 450, 550, 1),
(36, 'El Tarf', 500, 750, 1),
(37, 'Tindouf', 1100, 1350, 1),
(38, 'Tissemsilt', 500, 750, 1),
(39, 'El Oued', 700, 900, 1),
(40, 'Khenchela', 500, 750, 1),
(41, 'Souk Ahras', 500, 750, 1),
(42, 'Tipaza', 450, 550, 1),
(43, 'Mila', 500, 750, 1),
(44, 'Aïn Defla', 500, 750, 1),
(45, 'Naâma', 900, 1150, 1),
(46, 'Aïn Témouchent', 500, 750, 1),
(47, 'Ghardaïa', 700, 900, 1),
(48, 'Relizane', 500, 750, 1),
(49, 'Timimoun', 900, 1150, 1),
(50, 'Bordj Badji Mokhtar', 900, 1450, 0),
(51, 'Ouled Djellal', 700, 900, 1),
(52, 'Béni Abbès', 900, 1250, 1),
(53, 'In Salah', 1100, 1350, 1),
(54, 'In Guezzam', 1100, 1650, 0),
(55, 'Touggourt', 700, 900, 1),
(56, 'Djanet', 1100, 1650, 1),
(57, 'El M\'Ghair', 700, 900, 1),
(58, 'El Menia', 700, 900, 1);


/*!40101 SET SQL_MODE=@OLD_SQL_MODE */;
/*!40014 SET FOREIGN_KEY_CHECKS=@OLD_FOREIGN_KEY_CHECKS */;
/*!40014 SET UNIQUE_CHECKS=@OLD_UNIQUE_CHECKS */;
/*!40101 SET CHARACTER_SET_CLIENT=@OLD_CHARACTER_SET_CLIENT */;
/*!40101 SET CHARACTER_SET_RESULTS=@OLD_CHARACTER_SET_RESULTS */;
/*!40101 SET COLLATION_CONNECTION=@OLD_COLLATION_CONNECTION */;
/*!40111 SET SQL_NOTES=@OLD_SQL_NOTES */;